anio,ranking,posicion,ciudad,valor,unidad,n_muestral,cv_pct,etiqueta_confiabilidad,observacion
2023,1. Inquilinato (% hogares en arriendo),1,Bucaramanga A.M.,55.49,%,4927,1.4162,EXCELENTE,
2023,1. Inquilinato (% hogares en arriendo),2,Villavicencio,54.26,%,4332,1.1007,EXCELENTE,
2023,1. Inquilinato (% hogares en arriendo),3,Cali A.M.,53.94,%,5651,1.0190,EXCELENTE,
2023,1. Inquilinato (% hogares en arriendo),4,Pereira A.M.,53.55,%,5938,1.1067,EXCELENTE,
2023,1. Inquilinato (% hogares en arriendo),5,Medellín A.M.,53.35,%,6240,1.0354,EXCELENTE,
2023,1. Inquilinato (% hogares en arriendo),6,Ibagué,53.33,%,3546,1.1925,EXCELENTE,
2023,1. Inquilinato (% hogares en arriendo),7,Bogotá D.C.,51.07,%,4698,1.1085,EXCELENTE,
2023,1. Inquilinato (% hogares en arriendo),8,Riohacha,49.82,%,3217,1.2752,EXCELENTE,
2023,1. Inquilinato (% hogares en arriendo),9,Florencia,48.95,%,3678,1.2844,EXCELENTE,
2023,1. Inquilinato (% hogares en arriendo),10,Manizales A.M.,48.64,%,5374,1.0150,EXCELENTE,
2023,1. Inquilinato (% hogares en arriendo),11,Armenia,48.09,%,4114,1.2214,EXCELENTE,
2023,1. Inquilinato (% hogares en arriendo),12,Tunja,47.97,%,3680,1.2598,EXCELENTE,
2023,1. Inquilinato (% hogares en arriendo),13,Pasto,47.88,%,4089,1.2279,EXCELENTE,
2023,1. Inquilinato (% hogares en arriendo),14,Valledupar,47.2,%,3133,1.4050,EXCELENTE,
2023,1. Inquilinato (% hogares en arriendo),15,Popayán,45.37,%,3691,1.3834,EXCELENTE,
2023,1. Inquilinato (% hogares en arriendo),16,Neiva,42.75,%,3147,1.4435,EXCELENTE,
2023,1. Inquilinato (% hogares en arriendo),17,Cúcuta A.M.,42.42,%,3528,1.5015,EXCELENTE,
2023,1. Inquilinato (% hogares en arriendo),18,Santa Marta,41.11,%,3110,1.4218,EXCELENTE,
2023,1. Inquilinato (% hogares en arriendo),19,Cartagena,39.89,%,3358,1.4367,EXCELENTE,
2023,1. Inquilinato (% hogares en arriendo),20,Montería,39.1,%,2174,1.8500,EXCELENTE,
2023,1. Inquilinato (% hogares en arriendo),21,Barranquilla A.M.,37.37,%,2773,1.8356,EXCELENTE,
2023,1. Inquilinato (% hogares en arriendo),22,Quibdó,34.34,%,2786,1.5133,EXCELENTE,
2023,1. Inquilinato (% hogares en arriendo),23,Sincelejo,33.62,%,2286,1.6255,EXCELENTE,
2023,2. Costo de arriendo (canon mediano),1,Bogotá D.C.,690000.0,$,4638,2.3740,EXCELENTE,
2023,2. Costo de arriendo (canon mediano),2,Medellín A.M.,650000.0,$,6200,2.0315,EXCELENTE,
2023,2. Costo de arriendo (canon mediano),3,Bucaramanga A.M.,600000.0,$,4890,0.3874,EXCELENTE,
2023,2. Costo de arriendo (canon mediano),4,Manizales A.M.,600000.0,$,5304,0.0000,EXCELENTE,
2023,2. Costo de arriendo (canon mediano),5,Tunja,550000.0,$,3649,0.3305,EXCELENTE,
2023,2. Costo de arriendo (canon mediano),6,Cali A.M.,530000.0,$,5600,3.1746,EXCELENTE,
2023,2. Costo de arriendo (canon mediano),7,Armenia,530000.0,$,4083,3.0562,EXCELENTE,
2023,2. Costo de arriendo (canon mediano),8,Santa Marta,500000.0,$,3087,1.3455,EXCELENTE,
2023,2. Costo de arriendo (canon mediano),9,Cartagena,500000.0,$,3318,0.0000,EXCELENTE,
2023,2. Costo de arriendo (canon mediano),10,Barranquilla A.M.,500000.0,$,2750,1.6068,EXCELENTE,
2023,2. Costo de arriendo (canon mediano),11,Ibagué,500000.0,$,3288,0.0000,EXCELENTE,
2023,2. Costo de arriendo (canon mediano),12,Pasto,500000.0,$,4080,1.1923,EXCELENTE,
2023,2. Costo de arriendo (canon mediano),13,Villavicencio,500000.0,$,4326,1.4187,EXCELENTE,
2023,2. Costo de arriendo (canon mediano),14,Popayán,500000.0,$,3659,1.6846,EXCELENTE,
2023,2. Costo de arriendo (canon mediano),15,Pereira A.M.,500000.0,$,5914,0.0000,EXCELENTE,
2023,2. Costo de arriendo (canon mediano),16,Neiva,480000.0,$,3126,3.5789,EXCELENTE,
2023,2. Costo de arriendo (canon mediano),17,Montería,450000.0,$,2170,2.1761,EXCELENTE,
2023,2. Costo de arriendo (canon mediano),18,Valledupar,420000.0,$,3090,3.5259,EXCELENTE,
2023,2. Costo de arriendo (canon mediano),19,Cúcuta A.M.,400000.0,$,3511,0.0000,EXCELENTE,
2023,2. Costo de arriendo (canon mediano),20,Sincelejo,400000.0,$,2284,2.0779,EXCELENTE,
2023,2. Costo de arriendo (canon mediano),21,Quibdó,380000.0,$,2784,4.0471,EXCELENTE,
2023,2. Costo de arriendo (canon mediano),22,Riohacha,360000.0,$,3177,3.5041,EXCELENTE,
2023,2. Costo de arriendo (canon mediano),23,Florencia,350000.0,$,3663,2.3799,EXCELENTE,
2023,3. Estres habitacional (% arrendatarios con carga >30%),1,Valledupar,51.99,%,3060,,ACEPTABLE,
2023,3. Estres habitacional (% arrendatarios con carga >30%),2,Popayán,51.86,%,3638,,ACEPTABLE,
2023,3. Estres habitacional (% arrendatarios con carga >30%),3,Ibagué,50.45,%,3215,,ACEPTABLE,
2023,3. Estres habitacional (% arrendatarios con carga >30%),4,Quibdó,50.29,%,2761,,ACEPTABLE,
2023,3. Estres habitacional (% arrendatarios con carga >30%),5,Tunja,48.43,%,3629,,ACEPTABLE,
2023,3. Estres habitacional (% arrendatarios con carga >30%),6,Pasto,45.34,%,4060,,ACEPTABLE,
2023,3. Estres habitacional (% arrendatarios con carga >30%),7,Cartagena,45.19,%,3299,,ACEPTABLE,
2023,3. Estres habitacional (% arrendatarios con carga >30%),8,Medellín A.M.,45.0,%,6119,,ACEPTABLE,
2023,3. Estres habitacional (% arrendatarios con carga >30%),9,Barranquilla A.M.,44.55,%,2737,,ACEPTABLE,
2023,3. Estres habitacional (% arrendatarios con carga >30%),10,Riohacha,44.26,%,3162,,ACEPTABLE,
2023,3. Estres habitacional (% arrendatarios con carga >30%),11,Sincelejo,43.84,%,2273,,ACEPTABLE,
2023,3. Estres habitacional (% arrendatarios con carga >30%),12,Bogotá D.C.,43.82,%,4576,,ACEPTABLE,
2023,3. Estres habitacional (% arrendatarios con carga >30%),13,Montería,43.39,%,2162,,ACEPTABLE,
2023,3. Estres habitacional (% arrendatarios con carga >30%),14,Santa Marta,43.16,%,3059,,ACEPTABLE,
2023,3. Estres habitacional (% arrendatarios con carga >30%),15,Neiva,43.08,%,3077,,ACEPTABLE,
2023,3. Estres habitacional (% arrendatarios con carga >30%),16,Manizales A.M.,41.37,%,5250,,ACEPTABLE,
2023,3. Estres habitacional (% arrendatarios con carga >30%),17,Armenia,40.62,%,4059,,ACEPTABLE,
2023,3. Estres habitacional (% arrendatarios con carga >30%),18,Pereira A.M.,40.2,%,5821,,ACEPTABLE,
2023,3. Estres habitacional (% arrendatarios con carga >30%),19,Villavicencio,39.88,%,4278,,ACEPTABLE,
2023,3. Estres habitacional (% arrendatarios con carga >30%),20,Bucaramanga A.M.,38.71,%,4842,,ACEPTABLE,
2023,3. Estres habitacional (% arrendatarios con carga >30%),21,Cali A.M.,38.12,%,5543,,ACEPTABLE,
2023,3. Estres habitacional (% arrendatarios con carga >30%),22,Florencia,34.86,%,3599,,ACEPTABLE,
2023,3. Estres habitacional (% arrendatarios con carga >30%),23,Cúcuta A.M.,33.71,%,3488,,ACEPTABLE,
2023,4. Desigualdad habitacional (brecha de ingreso propietarios vs arrendatarios),1,Pasto,92.36,%,0,,NO_APLICA,
2023,4. Desigualdad habitacional (brecha de ingreso propietarios vs arrendatarios),2,Tunja,86.33,%,0,,NO_APLICA,
2023,4. Desigualdad habitacional (brecha de ingreso propietarios vs arrendatarios),3,Riohacha,73.68,%,0,,NO_APLICA,
2023,4. Desigualdad habitacional (brecha de ingreso propietarios vs arrendatarios),4,Popayán,66.55,%,0,,NO_APLICA,
2023,4. Desigualdad habitacional (brecha de ingreso propietarios vs arrendatarios),5,Bogotá D.C.,62.03,%,0,,NO_APLICA,
2023,4. Desigualdad habitacional (brecha de ingreso propietarios vs arrendatarios),6,Ibagué,60.53,%,0,,NO_APLICA,
2023,4. Desigualdad habitacional (brecha de ingreso propietarios vs arrendatarios),7,Cali A.M.,57.37,%,0,,NO_APLICA,
2023,4. Desigualdad habitacional (brecha de ingreso propietarios vs arrendatarios),8,Bucaramanga A.M.,56.63,%,0,,NO_APLICA,
2023,4. Desigualdad habitacional (brecha de ingreso propietarios vs arrendatarios),9,Villavicencio,56.07,%,0,,NO_APLICA,
2023,4. Desigualdad habitacional (brecha de ingreso propietarios vs arrendatarios),10,Santa Marta,53.99,%,0,,NO_APLICA,
2023,4. Desigualdad habitacional (brecha de ingreso propietarios vs arrendatarios),11,Barranquilla A.M.,49.82,%,0,,NO_APLICA,
2023,4. Desigualdad habitacional (brecha de ingreso propietarios vs arrendatarios),12,Neiva,48.89,%,0,,NO_APLICA,
2023,4. Desigualdad habitacional (brecha de ingreso propietarios vs arrendatarios),13,Valledupar,48.37,%,0,,NO_APLICA,
2023,4. Desigualdad habitacional (brecha de ingreso propietarios vs arrendatarios),14,Cúcuta A.M.,48.1,%,0,,NO_APLICA,
2023,4. Desigualdad habitacional (brecha de ingreso propietarios vs arrendatarios),15,Pereira A.M.,46.84,%,0,,NO_APLICA,
2023,4. Desigualdad habitacional (brecha de ingreso propietarios vs arrendatarios),16,Medellín A.M.,45.69,%,0,,NO_APLICA,
2023,4. Desigualdad habitacional (brecha de ingreso propietarios vs arrendatarios),17,Manizales A.M.,44.91,%,0,,NO_APLICA,
2023,4. Desigualdad habitacional (brecha de ingreso propietarios vs arrendatarios),18,Cartagena,35.29,%,0,,NO_APLICA,
2023,4. Desigualdad habitacional (brecha de ingreso propietarios vs arrendatarios),19,Florencia,33.29,%,0,,NO_APLICA,
2023,4. Desigualdad habitacional (brecha de ingreso propietarios vs arrendatarios),20,Sincelejo,28.04,%,0,,NO_APLICA,
2023,4. Desigualdad habitacional (brecha de ingreso propietarios vs arrendatarios),21,Armenia,27.86,%,0,,NO_APLICA,
2023,4. Desigualdad habitacional (brecha de ingreso propietarios vs arrendatarios),22,Quibdó,25.0,%,0,,NO_APLICA,
2023,4. Desigualdad habitacional (brecha de ingreso propietarios vs arrendatarios),23,Montería,9.19,%,0,,NO_APLICA,
2023,5. Hacinamiento (% hogares >3 personas/cuarto para dormir),1,Riohacha,9.17,%,6846,3.9072,EXCELENTE,
2023,5. Hacinamiento (% hogares >3 personas/cuarto para dormir),2,Santa Marta,7.41,%,7723,4.3179,EXCELENTE,
2023,5. Hacinamiento (% hogares >3 personas/cuarto para dormir),3,Cúcuta A.M.,5.89,%,8453,4.7538,EXCELENTE,
2023,5. Hacinamiento (% hogares >3 personas/cuarto para dormir),4,Valledupar,5.89,%,6853,5.4280,ACEPTABLE,
2023,5. Hacinamiento (% hogares >3 personas/cuarto para dormir),5,Barranquilla A.M.,5.53,%,7931,5.4454,ACEPTABLE,
2023,5. Hacinamiento (% hogares >3 personas/cuarto para dormir),6,Cartagena,5.24,%,8911,4.5185,EXCELENTE,
2023,5. Hacinamiento (% hogares >3 personas/cuarto para dormir),7,Sincelejo,4.68,%,7123,5.5216,ACEPTABLE,
2023,5. Hacinamiento (% hogares >3 personas/cuarto para dormir),8,Montería,3.18,%,5991,7.5080,ACEPTABLE,
2023,5. Hacinamiento (% hogares >3 personas/cuarto para dormir),9,Florencia,2.79,%,7761,7.1368,ACEPTABLE,
2023,5. Hacinamiento (% hogares >3 personas/cuarto para dormir),10,Quibdó,2.39,%,8298,7.1198,ACEPTABLE,
2023,5. Hacinamiento (% hogares >3 personas/cuarto para dormir),11,Neiva,2.2,%,7597,9.7075,ACEPTABLE,
2023,5. Hacinamiento (% hogares >3 personas/cuarto para dormir),12,Bucaramanga A.M.,2.07,%,9016,9.8771,ACEPTABLE,
2023,5. Hacinamiento (% hogares >3 personas/cuarto para dormir),13,Cali A.M.,1.9,%,10841,10.3664,ACEPTABLE,
2023,5. Hacinamiento (% hogares >3 personas/cuarto para dormir),14,Villavicencio,1.57,%,8094,9.6244,ACEPTABLE,
2023,5. Hacinamiento (% hogares >3 personas/cuarto para dormir),15,Popayán,1.49,%,8502,11.0607,ACEPTABLE,
2023,5. Hacinamiento (% hogares >3 personas/cuarto para dormir),16,Medellín A.M.,1.48,%,11994,9.6848,ACEPTABLE,
2023,5. Hacinamiento (% hogares >3 personas/cuarto para dormir),17,Pasto,1.42,%,8510,10.7379,ACEPTABLE,
2023,5. Hacinamiento (% hogares >3 personas/cuarto para dormir),18,Bogotá D.C.,1.25,%,9322,9.3960,ACEPTABLE,
2023,5. Hacinamiento (% hogares >3 personas/cuarto para dormir),19,Armenia,1.13,%,8609,11.3789,ACEPTABLE,
2023,5. Hacinamiento (% hogares >3 personas/cuarto para dormir),20,Tunja,1.11,%,7666,13.3322,ACEPTABLE,
2023,5. Hacinamiento (% hogares >3 personas/cuarto para dormir),21,Pereira A.M.,1.0,%,11082,12.9629,ACEPTABLE,
2023,5. Hacinamiento (% hogares >3 personas/cuarto para dormir),22,Ibagué,0.96,%,6866,12.8270,ACEPTABLE,
2023,5. Hacinamiento (% hogares >3 personas/cuarto para dormir),23,Manizales A.M.,0.7,%,11379,13.6198,ACEPTABLE,
2024,1. Inquilinato (% hogares en arriendo),1,Bucaramanga A.M.,55.14,%,4802,1.4225,EXCELENTE,
2024,1. Inquilinato (% hogares en arriendo),2,Villavicencio,55.04,%,4398,1.0208,EXCELENTE,
2024,1. Inquilinato (% hogares en arriendo),3,Pereira A.M.,53.66,%,6047,1.1347,EXCELENTE,
2024,1. Inquilinato (% hogares en arriendo),4,Cali A.M.,53.48,%,5389,1.0502,EXCELENTE,
2024,1. Inquilinato (% hogares en arriendo),5,Medellín A.M.,52.81,%,6105,1.0701,EXCELENTE,
2024,1. Inquilinato (% hogares en arriendo),6,Bogotá D.C.,52.08,%,4955,1.0569,EXCELENTE,
2024,1. Inquilinato (% hogares en arriendo),7,Ibagué,51.69,%,3379,1.2872,EXCELENTE,
2024,1. Inquilinato (% hogares en arriendo),8,Armenia,50.89,%,4434,1.0187,EXCELENTE,
2024,1. Inquilinato (% hogares en arriendo),9,Valledupar,50.18,%,3220,1.2894,EXCELENTE,
2024,1. Inquilinato (% hogares en arriendo),10,Manizales A.M.,48.76,%,5329,1.0366,EXCELENTE,
2024,1. Inquilinato (% hogares en arriendo),11,Tunja,48.04,%,3683,1.2930,EXCELENTE,
2024,1. Inquilinato (% hogares en arriendo),12,Riohacha,47.96,%,2878,1.5478,EXCELENTE,
2024,1. Inquilinato (% hogares en arriendo),13,Pasto,47.95,%,4153,1.1985,EXCELENTE,
2024,1. Inquilinato (% hogares en arriendo),14,Florencia,47.51,%,3526,1.3205,EXCELENTE,
2024,1. Inquilinato (% hogares en arriendo),15,Popayán,44.74,%,3542,1.3105,EXCELENTE,
2024,1. Inquilinato (% hogares en arriendo),16,Neiva,42.1,%,3090,1.4370,EXCELENTE,
2024,1. Inquilinato (% hogares en arriendo),17,Cúcuta A.M.,41.95,%,3455,1.5119,EXCELENTE,
2024,1. Inquilinato (% hogares en arriendo),18,Santa Marta,40.79,%,2986,1.4055,EXCELENTE,
2024,1. Inquilinato (% hogares en arriendo),19,Montería,39.94,%,2142,1.8023,EXCELENTE,
2024,1. Inquilinato (% hogares en arriendo),20,Cartagena,38.0,%,3097,1.4297,EXCELENTE,
2024,1. Inquilinato (% hogares en arriendo),21,Barranquilla A.M.,37.2,%,2735,1.7623,EXCELENTE,
2024,1. Inquilinato (% hogares en arriendo),22,Sincelejo,33.94,%,2218,1.7358,EXCELENTE,
2024,1. Inquilinato (% hogares en arriendo),23,Quibdó,33.24,%,2543,1.7688,EXCELENTE,
2024,2. Costo de arriendo (canon mediano),1,Medellín A.M.,750000.0,$,6083,2.1606,EXCELENTE,
2024,2. Costo de arriendo (canon mediano),2,Bogotá D.C.,700000.0,$,4903,2.2374,EXCELENTE,
2024,2. Costo de arriendo (canon mediano),3,Manizales A.M.,650000.0,$,5268,0.2602,EXCELENTE,
2024,2. Costo de arriendo (canon mediano),4,Bucaramanga A.M.,630000.0,$,4773,3.2140,EXCELENTE,
2024,2. Costo de arriendo (canon mediano),5,Pereira A.M.,600000.0,$,6023,0.3453,EXCELENTE,
2024,2. Costo de arriendo (canon mediano),6,Cali A.M.,600000.0,$,5316,0.0000,EXCELENTE,
2024,2. Costo de arriendo (canon mediano),7,Armenia,600000.0,$,4397,0.4457,EXCELENTE,
2024,2. Costo de arriendo (canon mediano),8,Tunja,600000.0,$,3650,0.0000,EXCELENTE,
2024,2. Costo de arriendo (canon mediano),9,Ibagué,550000.0,$,3226,0.5399,EXCELENTE,
2024,2. Costo de arriendo (canon mediano),10,Barranquilla A.M.,550000.0,$,2720,3.7709,EXCELENTE,
2024,2. Costo de arriendo (canon mediano),11,Cartagena,500000.0,$,3050,0.4746,EXCELENTE,
2024,2. Costo de arriendo (canon mediano),12,Villavicencio,500000.0,$,4389,0.2309,EXCELENTE,
2024,2. Costo de arriendo (canon mediano),13,Neiva,500000.0,$,3068,0.0000,EXCELENTE,
2024,2. Costo de arriendo (canon mediano),14,Pasto,500000.0,$,4135,0.0000,EXCELENTE,
2024,2. Costo de arriendo (canon mediano),15,Montería,500000.0,$,2129,0.2329,EXCELENTE,
2024,2. Costo de arriendo (canon mediano),16,Santa Marta,500000.0,$,2965,0.0000,EXCELENTE,
2024,2. Costo de arriendo (canon mediano),17,Popayán,500000.0,$,3490,0.0000,EXCELENTE,
2024,2. Costo de arriendo (canon mediano),18,Cúcuta A.M.,450000.0,$,3446,0.0000,EXCELENTE,
2024,2. Costo de arriendo (canon mediano),19,Sincelejo,450000.0,$,2217,0.0000,EXCELENTE,
2024,2. Costo de arriendo (canon mediano),20,Valledupar,450000.0,$,3198,0.0000,EXCELENTE,
2024,2. Costo de arriendo (canon mediano),21,Florencia,400000.0,$,3508,0.4317,EXCELENTE,
2024,2. Costo de arriendo (canon mediano),22,Riohacha,400000.0,$,2848,1.0398,EXCELENTE,
2024,2. Costo de arriendo (canon mediano),23,Quibdó,400000.0,$,2539,0.9369,EXCELENTE,
2024,3. Estres habitacional (% arrendatarios con carga >30%),1,Popayán,50.41,%,3470,,ACEPTABLE,
2024,3. Estres habitacional (% arrendatarios con carga >30%),2,Quibdó,48.15,%,2508,,ACEPTABLE,
2024,3. Estres habitacional (% arrendatarios con carga >30%),3,Riohacha,47.62,%,2815,,ACEPTABLE,
2024,3. Estres habitacional (% arrendatarios con carga >30%),4,Ibagué,47.13,%,3192,,ACEPTABLE,
2024,3. Estres habitacional (% arrendatarios con carga >30%),5,Tunja,46.29,%,3636,,ACEPTABLE,
2024,3. Estres habitacional (% arrendatarios con carga >30%),6,Valledupar,45.44,%,3164,,ACEPTABLE,
2024,3. Estres habitacional (% arrendatarios con carga >30%),7,Santa Marta,45.3,%,2938,,ACEPTABLE,
2024,3. Estres habitacional (% arrendatarios con carga >30%),8,Sincelejo,44.73,%,2214,,ACEPTABLE,
2024,3. Estres habitacional (% arrendatarios con carga >30%),9,Pasto,44.58,%,4116,,ACEPTABLE,
2024,3. Estres habitacional (% arrendatarios con carga >30%),10,Cartagena,44.08,%,3024,,ACEPTABLE,
2024,3. Estres habitacional (% arrendatarios con carga >30%),11,Medellín A.M.,43.43,%,6026,,ACEPTABLE,
2024,3. Estres habitacional (% arrendatarios con carga >30%),12,Manizales A.M.,41.42,%,5206,,ACEPTABLE,
2024,3. Estres habitacional (% arrendatarios con carga >30%),13,Barranquilla A.M.,40.93,%,2709,,ACEPTABLE,
2024,3. Estres habitacional (% arrendatarios con carga >30%),14,Bogotá D.C.,40.03,%,4861,,ACEPTABLE,
2024,3. Estres habitacional (% arrendatarios con carga >30%),15,Montería,39.95,%,2120,,ACEPTABLE,
2024,3. Estres habitacional (% arrendatarios con carga >30%),16,Armenia,39.8,%,4371,,ACEPTABLE,
2024,3. Estres habitacional (% arrendatarios con carga >30%),17,Cali A.M.,38.9,%,5257,,ACEPTABLE,
2024,3. Estres habitacional (% arrendatarios con carga >30%),18,Pereira A.M.,38.62,%,5979,,ACEPTABLE,
2024,3. Estres habitacional (% arrendatarios con carga >30%),19,Bucaramanga A.M.,38.18,%,4722,,ACEPTABLE,
2024,3. Estres habitacional (% arrendatarios con carga >30%),20,Villavicencio,34.88,%,4337,,ACEPTABLE,
2024,3. Estres habitacional (% arrendatarios con carga >30%),21,Cúcuta A.M.,34.2,%,3417,,ACEPTABLE,
2024,3. Estres habitacional (% arrendatarios con carga >30%),22,Neiva,34.18,%,3047,,ACEPTABLE,
2024,3. Estres habitacional (% arrendatarios con carga >30%),23,Florencia,32.68,%,3454,,ACEPTABLE,
2024,4. Desigualdad habitacional (brecha de ingreso propietarios vs arrendatarios),1,Pasto,94.58,%,0,,NO_APLICA,
2024,4. Desigualdad habitacional (brecha de ingreso propietarios vs arrendatarios),2,Tunja,77.98,%,0,,NO_APLICA,
2024,4. Desigualdad habitacional (brecha de ingreso propietarios vs arrendatarios),3,Riohacha,77.0,%,0,,NO_APLICA,
2024,4. Desigualdad habitacional (brecha de ingreso propietarios vs arrendatarios),4,Popayán,74.45,%,0,,NO_APLICA,
2024,4. Desigualdad habitacional (brecha de ingreso propietarios vs arrendatarios),5,Ibagué,66.64,%,0,,NO_APLICA,
2024,4. Desigualdad habitacional (brecha de ingreso propietarios vs arrendatarios),6,Cali A.M.,64.27,%,0,,NO_APLICA,
2024,4. Desigualdad habitacional (brecha de ingreso propietarios vs arrendatarios),7,Bogotá D.C.,55.35,%,0,,NO_APLICA,
2024,4. Desigualdad habitacional (brecha de ingreso propietarios vs arrendatarios),8,Neiva,51.61,%,0,,NO_APLICA,
2024,4. Desigualdad habitacional (brecha de ingreso propietarios vs arrendatarios),9,Villavicencio,46.67,%,0,,NO_APLICA,
2024,4. Desigualdad habitacional (brecha de ingreso propietarios vs arrendatarios),10,Valledupar,44.56,%,0,,NO_APLICA,
2024,4. Desigualdad habitacional (brecha de ingreso propietarios vs arrendatarios),11,Manizales A.M.,43.25,%,0,,NO_APLICA,
2024,4. Desigualdad habitacional (brecha de ingreso propietarios vs arrendatarios),12,Cúcuta A.M.,43.12,%,0,,NO_APLICA,
2024,4. Desigualdad habitacional (brecha de ingreso propietarios vs arrendatarios),13,Bucaramanga A.M.,42.45,%,0,,NO_APLICA,
2024,4. Desigualdad habitacional (brecha de ingreso propietarios vs arrendatarios),14,Barranquilla A.M.,39.25,%,0,,NO_APLICA,
2024,4. Desigualdad habitacional (brecha de ingreso propietarios vs arrendatarios),15,Santa Marta,38.81,%,0,,NO_APLICA,
2024,4. Desigualdad habitacional (brecha de ingreso propietarios vs arrendatarios),16,Armenia,37.78,%,0,,NO_APLICA,
2024,4. Desigualdad habitacional (brecha de ingreso propietarios vs arrendatarios),17,Cartagena,37.3,%,0,,NO_APLICA,
2024,4. Desigualdad habitacional (brecha de ingreso propietarios vs arrendatarios),18,Medellín A.M.,34.84,%,0,,NO_APLICA,
2024,4. Desigualdad habitacional (brecha de ingreso propietarios vs arrendatarios),19,Sincelejo,32.02,%,0,,NO_APLICA,
2024,4. Desigualdad habitacional (brecha de ingreso propietarios vs arrendatarios),20,Quibdó,29.8,%,0,,NO_APLICA,
2024,4. Desigualdad habitacional (brecha de ingreso propietarios vs arrendatarios),21,Florencia,28.57,%,0,,NO_APLICA,
2024,4. Desigualdad habitacional (brecha de ingreso propietarios vs arrendatarios),22,Pereira A.M.,28.45,%,0,,NO_APLICA,
2024,4. Desigualdad habitacional (brecha de ingreso propietarios vs arrendatarios),23,Montería,16.7,%,0,,NO_APLICA,
2024,5. Hacinamiento (% hogares >3 personas/cuarto para dormir),1,Riohacha,9.09,%,6378,4.0913,EXCELENTE,
2024,5. Hacinamiento (% hogares >3 personas/cuarto para dormir),2,Santa Marta,7.0,%,7511,4.6296,EXCELENTE,
2024,5. Hacinamiento (% hogares >3 personas/cuarto para dormir),3,Valledupar,5.31,%,6735,5.4498,ACEPTABLE,
2024,5. Hacinamiento (% hogares >3 personas/cuarto para dormir),4,Barranquilla A.M.,4.82,%,7772,5.6732,ACEPTABLE,
2024,5. Hacinamiento (% hogares >3 personas/cuarto para dormir),5,Sincelejo,4.78,%,6898,5.7334,ACEPTABLE,
2024,5. Hacinamiento (% hogares >3 personas/cuarto para dormir),6,Cartagena,4.66,%,8660,5.1305,ACEPTABLE,
2024,5. Hacinamiento (% hogares >3 personas/cuarto para dormir),7,Cúcuta A.M.,4.4,%,8538,5.9938,ACEPTABLE,
2024,5. Hacinamiento (% hogares >3 personas/cuarto para dormir),8,Montería,2.79,%,5908,8.3393,ACEPTABLE,
2024,5. Hacinamiento (% hogares >3 personas/cuarto para dormir),9,Florencia,2.47,%,7813,7.6502,ACEPTABLE,
2024,5. Hacinamiento (% hogares >3 personas/cuarto para dormir),10,Quibdó,2.45,%,7980,7.5674,ACEPTABLE,
2024,5. Hacinamiento (% hogares >3 personas/cuarto para dormir),11,Cali A.M.,1.84,%,10548,10.2533,ACEPTABLE,
2024,5. Hacinamiento (% hogares >3 personas/cuarto para dormir),12,Neiva,1.71,%,7594,10.5538,ACEPTABLE,
2024,5. Hacinamiento (% hogares >3 personas/cuarto para dormir),13,Villavicencio,1.63,%,8149,9.2963,ACEPTABLE,
2024,5. Hacinamiento (% hogares >3 personas/cuarto para dormir),14,Bucaramanga A.M.,1.56,%,8769,12.3254,ACEPTABLE,
2024,5. Hacinamiento (% hogares >3 personas/cuarto para dormir),15,Pasto,1.46,%,8823,9.2114,ACEPTABLE,
2024,5. Hacinamiento (% hogares >3 personas/cuarto para dormir),16,Medellín A.M.,1.34,%,11849,9.7748,ACEPTABLE,
2024,5. Hacinamiento (% hogares >3 personas/cuarto para dormir),17,Popayán,1.18,%,8104,11.3817,ACEPTABLE,
2024,5. Hacinamiento (% hogares >3 personas/cuarto para dormir),18,Ibagué,1.17,%,6681,11.9112,ACEPTABLE,
2024,5. Hacinamiento (% hogares >3 personas/cuarto para dormir),19,Bogotá D.C.,0.98,%,9781,10.7809,ACEPTABLE,
2024,5. Hacinamiento (% hogares >3 personas/cuarto para dormir),20,Pereira A.M.,0.97,%,11356,13.3010,ACEPTABLE,
2024,5. Hacinamiento (% hogares >3 personas/cuarto para dormir),21,Armenia,0.89,%,8818,13.7543,ACEPTABLE,
2024,5. Hacinamiento (% hogares >3 personas/cuarto para dormir),22,Manizales A.M.,0.89,%,11334,13.0228,ACEPTABLE,
2024,5. Hacinamiento (% hogares >3 personas/cuarto para dormir),23,Tunja,0.71,%,7659,15.1732,PRECAUCION,
2025,1. Inquilinato (% hogares en arriendo),1,Villavicencio,56.7,%,4722,1.0100,EXCELENTE,
2025,1. Inquilinato (% hogares en arriendo),2,Bucaramanga A.M.,55.89,%,4996,1.3349,EXCELENTE,
2025,1. Inquilinato (% hogares en arriendo),3,Pereira A.M.,55.28,%,6140,1.0684,EXCELENTE,
2025,1. Inquilinato (% hogares en arriendo),4,Cali A.M.,54.19,%,5279,1.0097,EXCELENTE,
2025,1. Inquilinato (% hogares en arriendo),5,Medellín A.M.,53.06,%,6132,1.0169,EXCELENTE,
2025,1. Inquilinato (% hogares en arriendo),6,Bogotá D.C.,53.02,%,4968,0.9718,EXCELENTE,
2025,1. Inquilinato (% hogares en arriendo),7,Ibagué,52.72,%,3342,1.2567,EXCELENTE,
2025,1. Inquilinato (% hogares en arriendo),8,Armenia,51.55,%,4656,1.0987,EXCELENTE,
2025,1. Inquilinato (% hogares en arriendo),9,Tunja,50.96,%,3968,1.1219,EXCELENTE,
2025,1. Inquilinato (% hogares en arriendo),10,Valledupar,49.92,%,3213,1.3292,EXCELENTE,
2025,1. Inquilinato (% hogares en arriendo),11,Florencia,49.79,%,3811,1.2135,EXCELENTE,
2025,1. Inquilinato (% hogares en arriendo),12,Manizales A.M.,49.75,%,5606,1.0392,EXCELENTE,
2025,1. Inquilinato (% hogares en arriendo),13,Pasto,48.97,%,4189,1.1511,EXCELENTE,
2025,1. Inquilinato (% hogares en arriendo),14,Riohacha,47.77,%,2926,1.3660,EXCELENTE,
2025,1. Inquilinato (% hogares en arriendo),15,Popayán,45.25,%,3472,1.3709,EXCELENTE,
2025,1. Inquilinato (% hogares en arriendo),16,Neiva,43.61,%,3230,1.3990,EXCELENTE,
2025,1. Inquilinato (% hogares en arriendo),17,Cúcuta A.M.,41.78,%,3297,1.5633,EXCELENTE,
2025,1. Inquilinato (% hogares en arriendo),18,Santa Marta,41.51,%,3106,1.4750,EXCELENTE,
2025,1. Inquilinato (% hogares en arriendo),19,Cartagena,38.56,%,3273,1.3931,EXCELENTE,
2025,1. Inquilinato (% hogares en arriendo),20,Montería,38.08,%,2053,1.9243,EXCELENTE,
2025,1. Inquilinato (% hogares en arriendo),21,Barranquilla A.M.,37.22,%,2726,1.6404,EXCELENTE,
2025,1. Inquilinato (% hogares en arriendo),22,Quibdó,32.82,%,2655,1.6347,EXCELENTE,
2025,1. Inquilinato (% hogares en arriendo),23,Sincelejo,32.63,%,2089,1.8396,EXCELENTE,
2025,2. Costo de arriendo (canon mediano),1,Medellín A.M.,800000.0,$,6113,0.0000,EXCELENTE,
2025,2. Costo de arriendo (canon mediano),2,Bogotá D.C.,760000.0,$,4936,2.6520,EXCELENTE,
2025,2. Costo de arriendo (canon mediano),3,Manizales A.M.,700000.0,$,5574,0.0000,EXCELENTE,
2025,2. Costo de arriendo (canon mediano),4,Bucaramanga A.M.,650000.0,$,4982,0.6645,EXCELENTE,
2025,2. Costo de arriendo (canon mediano),5,Cali A.M.,600000.0,$,5237,1.6942,EXCELENTE,
2025,2. Costo de arriendo (canon mediano),6,Barranquilla A.M.,600000.0,$,2706,2.5516,EXCELENTE,
2025,2. Costo de arriendo (canon mediano),7,Armenia,600000.0,$,4634,0.0000,EXCELENTE,
2025,2. Costo de arriendo (canon mediano),8,Tunja,600000.0,$,3957,2.2595,EXCELENTE,
2025,2. Costo de arriendo (canon mediano),9,Pereira A.M.,600000.0,$,6116,0.8485,EXCELENTE,
2025,2. Costo de arriendo (canon mediano),10,Ibagué,600000.0,$,3316,1.9617,EXCELENTE,
2025,2. Costo de arriendo (canon mediano),11,Cartagena,550000.0,$,3244,1.4615,EXCELENTE,
2025,2. Costo de arriendo (canon mediano),12,Santa Marta,540000.0,$,3101,4.2715,EXCELENTE,
2025,2. Costo de arriendo (canon mediano),13,Villavicencio,530000.0,$,4712,3.9967,EXCELENTE,
2025,2. Costo de arriendo (canon mediano),14,Cúcuta A.M.,500000.0,$,3293,4.1247,EXCELENTE,
2025,2. Costo de arriendo (canon mediano),15,Neiva,500000.0,$,3216,0.0000,EXCELENTE,
2025,2. Costo de arriendo (canon mediano),16,Valledupar,500000.0,$,3196,1.5265,EXCELENTE,
2025,2. Costo de arriendo (canon mediano),17,Pasto,500000.0,$,4170,0.0000,EXCELENTE,
2025,2. Costo de arriendo (canon mediano),18,Montería,500000.0,$,2046,0.0000,EXCELENTE,
2025,2. Costo de arriendo (canon mediano),19,Popayán,500000.0,$,3462,1.6262,EXCELENTE,
2025,2. Costo de arriendo (canon mediano),20,Sincelejo,497624.42,$,2089,3.0307,EXCELENTE,
2025,2. Costo de arriendo (canon mediano),21,Florencia,400000.0,$,3793,2.8632,EXCELENTE,
2025,2. Costo de arriendo (canon mediano),22,Riohacha,400000.0,$,2892,0.0000,EXCELENTE,
2025,2. Costo de arriendo (canon mediano),23,Quibdó,350000.0,$,2652,2.6426,EXCELENTE,
2025,3. Estres habitacional (% arrendatarios con carga >30%),1,Popayán,51.18,%,3438,,ACEPTABLE,
2025,3. Estres habitacional (% arrendatarios con carga >30%),2,Tunja,47.26,%,3936,,ACEPTABLE,
2025,3. Estres habitacional (% arrendatarios con carga >30%),3,Pasto,45.05,%,4147,,ACEPTABLE,
2025,3. Estres habitacional (% arrendatarios con carga >30%),4,Quibdó,44.93,%,2621,,ACEPTABLE,
2025,3. Estres habitacional (% arrendatarios con carga >30%),5,Ibagué,43.25,%,3292,,ACEPTABLE,
2025,3. Estres habitacional (% arrendatarios con carga >30%),6,Medellín A.M.,42.87,%,6062,,ACEPTABLE,
2025,3. Estres habitacional (% arrendatarios con carga >30%),7,Sincelejo,42.79,%,2086,,ACEPTABLE,
2025,3. Estres habitacional (% arrendatarios con carga >30%),8,Riohacha,42.35,%,2880,,ACEPTABLE,
2025,3. Estres habitacional (% arrendatarios con carga >30%),9,Montería,40.07,%,2039,,ACEPTABLE,
2025,3. Estres habitacional (% arrendatarios con carga >30%),10,Bogotá D.C.,39.38,%,4905,,ACEPTABLE,
2025,3. Estres habitacional (% arrendatarios con carga >30%),11,Armenia,39.16,%,4617,,ACEPTABLE,
2025,3. Estres habitacional (% arrendatarios con carga >30%),12,Valledupar,38.94,%,3167,,ACEPTABLE,
2025,3. Estres habitacional (% arrendatarios con carga >30%),13,Manizales A.M.,38.51,%,5547,,ACEPTABLE,
2025,3. Estres habitacional (% arrendatarios con carga >30%),14,Cali A.M.,37.1,%,5195,,ACEPTABLE,
2025,3. Estres habitacional (% arrendatarios con carga >30%),15,Pereira A.M.,36.46,%,6085,,ACEPTABLE,
2025,3. Estres habitacional (% arrendatarios con carga >30%),16,Santa Marta,36.43,%,3088,,ACEPTABLE,
2025,3. Estres habitacional (% arrendatarios con carga >30%),17,Barranquilla A.M.,36.11,%,2701,,ACEPTABLE,
2025,3. Estres habitacional (% arrendatarios con carga >30%),18,Cartagena,35.42,%,3230,,ACEPTABLE,
2025,3. Estres habitacional (% arrendatarios con carga >30%),19,Bucaramanga A.M.,33.62,%,4936,,ACEPTABLE,
2025,3. Estres habitacional (% arrendatarios con carga >30%),20,Neiva,33.43,%,3201,,ACEPTABLE,
2025,3. Estres habitacional (% arrendatarios con carga >30%),21,Villavicencio,33.24,%,4664,,ACEPTABLE,
2025,3. Estres habitacional (% arrendatarios con carga >30%),22,Cúcuta A.M.,31.55,%,3274,,ACEPTABLE,
2025,3. Estres habitacional (% arrendatarios con carga >30%),23,Florencia,30.96,%,3741,,ACEPTABLE,
2025,4. Desigualdad habitacional (brecha de ingreso propietarios vs arrendatarios),1,Pasto,85.29,%,0,,NO_APLICA,
2025,4. Desigualdad habitacional (brecha de ingreso propietarios vs arrendatarios),2,Tunja,83.47,%,0,,NO_APLICA,
2025,4. Desigualdad habitacional (brecha de ingreso propietarios vs arrendatarios),3,Valledupar,61.06,%,0,,NO_APLICA,
2025,4. Desigualdad habitacional (brecha de ingreso propietarios vs arrendatarios),4,Bogotá D.C.,59.56,%,0,,NO_APLICA,
2025,4. Desigualdad habitacional (brecha de ingreso propietarios vs arrendatarios),5,Popayán,59.54,%,0,,NO_APLICA,
2025,4. Desigualdad habitacional (brecha de ingreso propietarios vs arrendatarios),6,Cali A.M.,58.07,%,0,,NO_APLICA,
2025,4. Desigualdad habitacional (brecha de ingreso propietarios vs arrendatarios),7,Ibagué,54.71,%,0,,NO_APLICA,
2025,4. Desigualdad habitacional (brecha de ingreso propietarios vs arrendatarios),8,Neiva,54.46,%,0,,NO_APLICA,
2025,4. Desigualdad habitacional (brecha de ingreso propietarios vs arrendatarios),9,Villavicencio,45.62,%,0,,NO_APLICA,
2025,4. Desigualdad habitacional (brecha de ingreso propietarios vs arrendatarios),10,Santa Marta,44.63,%,0,,NO_APLICA,
2025,4. Desigualdad habitacional (brecha de ingreso propietarios vs arrendatarios),11,Riohacha,44.39,%,0,,NO_APLICA,
2025,4. Desigualdad habitacional (brecha de ingreso propietarios vs arrendatarios),12,Manizales A.M.,43.93,%,0,,NO_APLICA,
2025,4. Desigualdad habitacional (brecha de ingreso propietarios vs arrendatarios),13,Armenia,39.13,%,0,,NO_APLICA,
2025,4. Desigualdad habitacional (brecha de ingreso propietarios vs arrendatarios),14,Florencia,38.53,%,0,,NO_APLICA,
2025,4. Desigualdad habitacional (brecha de ingreso propietarios vs arrendatarios),15,Barranquilla A.M.,36.36,%,0,,NO_APLICA,
2025,4. Desigualdad habitacional (brecha de ingreso propietarios vs arrendatarios),16,Cúcuta A.M.,36.02,%,0,,NO_APLICA,
2025,4. Desigualdad habitacional (brecha de ingreso propietarios vs arrendatarios),17,Bucaramanga A.M.,35.71,%,0,,NO_APLICA,
2025,4. Desigualdad habitacional (brecha de ingreso propietarios vs arrendatarios),18,Medellín A.M.,33.69,%,0,,NO_APLICA,
2025,4. Desigualdad habitacional (brecha de ingreso propietarios vs arrendatarios),19,Sincelejo,27.7,%,0,,NO_APLICA,
2025,4. Desigualdad habitacional (brecha de ingreso propietarios vs arrendatarios),20,Cartagena,27.06,%,0,,NO_APLICA,
2025,4. Desigualdad habitacional (brecha de ingreso propietarios vs arrendatarios),21,Pereira A.M.,24.26,%,0,,NO_APLICA,
2025,4. Desigualdad habitacional (brecha de ingreso propietarios vs arrendatarios),22,Quibdó,19.0,%,0,,NO_APLICA,
2025,4. Desigualdad habitacional (brecha de ingreso propietarios vs arrendatarios),23,Montería,15.96,%,0,,NO_APLICA,
2025,5. Hacinamiento (% hogares >3 personas/cuarto para dormir),1,Riohacha,8.07,%,6485,4.5156,EXCELENTE,
2025,5. Hacinamiento (% hogares >3 personas/cuarto para dormir),2,Santa Marta,5.32,%,7865,5.4680,ACEPTABLE,
2025,5. Hacinamiento (% hogares >3 personas/cuarto para dormir),3,Valledupar,4.75,%,6765,5.8581,ACEPTABLE,
2025,5. Hacinamiento (% hogares >3 personas/cuarto para dormir),4,Sincelejo,4.49,%,6931,5.7037,ACEPTABLE,
2025,5. Hacinamiento (% hogares >3 personas/cuarto para dormir),5,Cúcuta A.M.,4.32,%,8220,6.9091,ACEPTABLE,
2025,5. Hacinamiento (% hogares >3 personas/cuarto para dormir),6,Barranquilla A.M.,4.2,%,7939,6.7292,ACEPTABLE,
2025,5. Hacinamiento (% hogares >3 personas/cuarto para dormir),7,Cartagena,3.84,%,8844,6.1176,ACEPTABLE,
2025,5. Hacinamiento (% hogares >3 personas/cuarto para dormir),8,Montería,2.57,%,5918,9.0542,ACEPTABLE,
2025,5. Hacinamiento (% hogares >3 personas/cuarto para dormir),9,Florencia,1.99,%,8021,9.2323,ACEPTABLE,
2025,5. Hacinamiento (% hogares >3 personas/cuarto para dormir),10,Quibdó,1.95,%,8305,8.3927,ACEPTABLE,
2025,5. Hacinamiento (% hogares >3 personas/cuarto para dormir),11,Neiva,1.54,%,7797,11.1164,ACEPTABLE,
2025,5. Hacinamiento (% hogares >3 personas/cuarto para dormir),12,Villavicencio,1.49,%,8440,9.9257,ACEPTABLE,
2025,5. Hacinamiento (% hogares >3 personas/cuarto para dormir),13,Bucaramanga A.M.,1.22,%,8900,11.6412,ACEPTABLE,
2025,5. Hacinamiento (% hogares >3 personas/cuarto para dormir),14,Cali A.M.,1.08,%,10150,12.4046,ACEPTABLE,
2025,5. Hacinamiento (% hogares >3 personas/cuarto para dormir),15,Medellín A.M.,1.06,%,11825,10.5682,ACEPTABLE,
2025,5. Hacinamiento (% hogares >3 personas/cuarto para dormir),16,Popayán,0.95,%,8006,11.9463,ACEPTABLE,
2025,5. Hacinamiento (% hogares >3 personas/cuarto para dormir),17,Bogotá D.C.,0.88,%,9733,11.3082,ACEPTABLE,
2025,5. Hacinamiento (% hogares >3 personas/cuarto para dormir),18,Pasto,0.86,%,8900,13.1870,ACEPTABLE,
2025,5. Hacinamiento (% hogares >3 personas/cuarto para dormir),19,Tunja,0.82,%,7929,15.0849,PRECAUCION,
2025,5. Hacinamiento (% hogares >3 personas/cuarto para dormir),20,Manizales A.M.,0.72,%,11639,13.1132,ACEPTABLE,
2025,5. Hacinamiento (% hogares >3 personas/cuarto para dormir),21,Ibagué,0.69,%,6711,15.1928,PRECAUCION,
2025,5. Hacinamiento (% hogares >3 personas/cuarto para dormir),22,Armenia,0.66,%,9233,14.5173,ACEPTABLE,
2025,5. Hacinamiento (% hogares >3 personas/cuarto para dormir),23,Pereira A.M.,0.46,%,11179,17.0984,PRECAUCION,
2026*,1. Inquilinato (% hogares en arriendo),1,Bucaramanga A.M.,57.86,%,2503,1.8086,EXCELENTE,
2026*,1. Inquilinato (% hogares en arriendo),2,Pereira A.M.,57.02,%,3210,1.4463,EXCELENTE,
2026*,1. Inquilinato (% hogares en arriendo),3,Villavicencio,55.49,%,2255,1.3819,EXCELENTE,
2026*,1. Inquilinato (% hogares en arriendo),4,Cali A.M.,54.12,%,2558,1.4866,EXCELENTE,
2026*,1. Inquilinato (% hogares en arriendo),5,Medellín A.M.,53.99,%,3175,1.4130,EXCELENTE,
2026*,1. Inquilinato (% hogares en arriendo),6,Armenia,51.28,%,2278,1.5128,EXCELENTE,
2026*,1. Inquilinato (% hogares en arriendo),7,Manizales A.M.,50.86,%,2958,1.3392,EXCELENTE,
2026*,1. Inquilinato (% hogares en arriendo),8,Bogotá D.C.,50.62,%,2386,1.4984,EXCELENTE,
2026*,1. Inquilinato (% hogares en arriendo),9,Ibagué,50.58,%,1601,1.8772,EXCELENTE,
2026*,1. Inquilinato (% hogares en arriendo),10,Tunja,50.0,%,2027,1.7506,EXCELENTE,
2026*,1. Inquilinato (% hogares en arriendo),11,Florencia,48.4,%,1897,1.8018,EXCELENTE,
2026*,1. Inquilinato (% hogares en arriendo),12,Riohacha,48.05,%,1508,1.9642,EXCELENTE,
2026*,1. Inquilinato (% hogares en arriendo),13,Pasto,48.03,%,2056,1.6609,EXCELENTE,
2026*,1. Inquilinato (% hogares en arriendo),14,Valledupar,47.98,%,1644,1.8690,EXCELENTE,
2026*,1. Inquilinato (% hogares en arriendo),15,Neiva,44.68,%,1690,1.7751,EXCELENTE,
2026*,1. Inquilinato (% hogares en arriendo),16,Popayán,44.18,%,1705,1.8791,EXCELENTE,
2026*,1. Inquilinato (% hogares en arriendo),17,Santa Marta,43.2,%,1636,1.9655,EXCELENTE,
2026*,1. Inquilinato (% hogares en arriendo),18,Cúcuta A.M.,41.46,%,1650,2.1869,EXCELENTE,
2026*,1. Inquilinato (% hogares en arriendo),19,Montería,40.2,%,1058,2.5829,EXCELENTE,
2026*,1. Inquilinato (% hogares en arriendo),20,Barranquilla A.M.,38.43,%,1444,2.4095,EXCELENTE,
2026*,1. Inquilinato (% hogares en arriendo),21,Cartagena,37.99,%,1596,2.0816,EXCELENTE,
2026*,1. Inquilinato (% hogares en arriendo),22,Quibdó,35.56,%,1404,2.3000,EXCELENTE,
2026*,1. Inquilinato (% hogares en arriendo),23,Sincelejo,33.01,%,1140,2.5068,EXCELENTE,
2026*,2. Costo de arriendo (canon mediano),1,Medellín A.M.,850000.0,$,3167,2.6013,EXCELENTE,
2026*,2. Costo de arriendo (canon mediano),2,Manizales A.M.,800000.0,$,2937,1.9421,EXCELENTE,
2026*,2. Costo de arriendo (canon mediano),3,Bogotá D.C.,800000.0,$,2378,2.2766,EXCELENTE,
2026*,2. Costo de arriendo (canon mediano),4,Tunja,700000.0,$,2026,1.3102,EXCELENTE,
2026*,2. Costo de arriendo (canon mediano),5,Pereira A.M.,700000.0,$,3190,0.0000,EXCELENTE,
2026*,2. Costo de arriendo (canon mediano),6,Armenia,700000.0,$,2270,0.2834,EXCELENTE,
2026*,2. Costo de arriendo (canon mediano),7,Bucaramanga A.M.,700000.0,$,2496,2.2869,EXCELENTE,
2026*,2. Costo de arriendo (canon mediano),8,Cali A.M.,650000.0,$,2537,1.3019,EXCELENTE,
2026*,2. Costo de arriendo (canon mediano),9,Pasto,600000.0,$,2051,0.0000,EXCELENTE,
2026*,2. Costo de arriendo (canon mediano),10,Barranquilla A.M.,600000.0,$,1430,0.0000,EXCELENTE,
2026*,2. Costo de arriendo (canon mediano),11,Cartagena,600000.0,$,1575,0.4076,EXCELENTE,
2026*,2. Costo de arriendo (canon mediano),12,Popayán,600000.0,$,1698,0.0000,EXCELENTE,
2026*,2. Costo de arriendo (canon mediano),13,Villavicencio,600000.0,$,2252,0.0000,EXCELENTE,
2026*,2. Costo de arriendo (canon mediano),14,Ibagué,600000.0,$,1590,0.2887,EXCELENTE,
2026*,2. Costo de arriendo (canon mediano),15,Neiva,579996.56,$,1673,3.6443,EXCELENTE,
2026*,2. Costo de arriendo (canon mediano),16,Santa Marta,550000.0,$,1631,4.0753,EXCELENTE,
2026*,2. Costo de arriendo (canon mediano),17,Montería,550000.0,$,1056,3.7021,EXCELENTE,
2026*,2. Costo de arriendo (canon mediano),18,Cúcuta A.M.,500000.0,$,1647,0.4685,EXCELENTE,
2026*,2. Costo de arriendo (canon mediano),19,Sincelejo,500000.0,$,1140,0.0000,EXCELENTE,
2026*,2. Costo de arriendo (canon mediano),20,Valledupar,500000.0,$,1638,0.0000,EXCELENTE,
2026*,2. Costo de arriendo (canon mediano),21,Florencia,450000.0,$,1878,2.5302,EXCELENTE,
2026*,2. Costo de arriendo (canon mediano),22,Riohacha,450000.0,$,1492,2.6936,EXCELENTE,
2026*,2. Costo de arriendo (canon mediano),23,Quibdó,450000.0,$,1399,0.1925,EXCELENTE,
2026*,3. Estres habitacional (% arrendatarios con carga >30%),ND,Armenia,ND,%,0,,ND,Sin posicion: estimacion no publicable segun criterio DANE
2026*,3. Estres habitacional (% arrendatarios con carga >30%),ND,Barranquilla A.M.,ND,%,0,,ND,Sin posicion: estimacion no publicable segun criterio DANE
2026*,3. Estres habitacional (% arrendatarios con carga >30%),ND,Bogotá D.C.,ND,%,0,,ND,Sin posicion: estimacion no publicable segun criterio DANE
2026*,3. Estres habitacional (% arrendatarios con carga >30%),ND,Bucaramanga A.M.,ND,%,0,,ND,Sin posicion: estimacion no publicable segun criterio DANE
2026*,3. Estres habitacional (% arrendatarios con carga >30%),ND,Cali A.M.,ND,%,0,,ND,Sin posicion: estimacion no publicable segun criterio DANE
2026*,3. Estres habitacional (% arrendatarios con carga >30%),ND,Cartagena,ND,%,0,,ND,Sin posicion: estimacion no publicable segun criterio DANE
2026*,3. Estres habitacional (% arrendatarios con carga >30%),ND,Cúcuta A.M.,ND,%,0,,ND,Sin posicion: estimacion no publicable segun criterio DANE
2026*,3. Estres habitacional (% arrendatarios con carga >30%),ND,Florencia,ND,%,0,,ND,Sin posicion: estimacion no publicable segun criterio DANE
2026*,3. Estres habitacional (% arrendatarios con carga >30%),ND,Ibagué,ND,%,0,,ND,Sin posicion: estimacion no publicable segun criterio DANE
2026*,3. Estres habitacional (% arrendatarios con carga >30%),ND,Manizales A.M.,ND,%,0,,ND,Sin posicion: estimacion no publicable segun criterio DANE
2026*,3. Estres habitacional (% arrendatarios con carga >30%),ND,Medellín A.M.,ND,%,0,,ND,Sin posicion: estimacion no publicable segun criterio DANE
2026*,3. Estres habitacional (% arrendatarios con carga >30%),ND,Montería,ND,%,0,,ND,Sin posicion: estimacion no publicable segun criterio DANE
2026*,3. Estres habitacional (% arrendatarios con carga >30%),ND,Neiva,ND,%,0,,ND,Sin posicion: estimacion no publicable segun criterio DANE
2026*,3. Estres habitacional (% arrendatarios con carga >30%),ND,Pasto,ND,%,0,,ND,Sin posicion: estimacion no publicable segun criterio DANE
2026*,3. Estres habitacional (% arrendatarios con carga >30%),ND,Pereira A.M.,ND,%,0,,ND,Sin posicion: estimacion no publicable segun criterio DANE
2026*,3. Estres habitacional (% arrendatarios con carga >30%),ND,Popayán,ND,%,0,,ND,Sin posicion: estimacion no publicable segun criterio DANE
2026*,3. Estres habitacional (% arrendatarios con carga >30%),ND,Quibdó,ND,%,0,,ND,Sin posicion: estimacion no publicable segun criterio DANE
2026*,3. Estres habitacional (% arrendatarios con carga >30%),ND,Riohacha,ND,%,0,,ND,Sin posicion: estimacion no publicable segun criterio DANE
2026*,3. Estres habitacional (% arrendatarios con carga >30%),ND,Santa Marta,ND,%,0,,ND,Sin posicion: estimacion no publicable segun criterio DANE
2026*,3. Estres habitacional (% arrendatarios con carga >30%),ND,Sincelejo,ND,%,0,,ND,Sin posicion: estimacion no publicable segun criterio DANE
2026*,3. Estres habitacional (% arrendatarios con carga >30%),ND,Tunja,ND,%,0,,ND,Sin posicion: estimacion no publicable segun criterio DANE
2026*,3. Estres habitacional (% arrendatarios con carga >30%),ND,Valledupar,ND,%,0,,ND,Sin posicion: estimacion no publicable segun criterio DANE
2026*,3. Estres habitacional (% arrendatarios con carga >30%),ND,Villavicencio,ND,%,0,,ND,Sin posicion: estimacion no publicable segun criterio DANE
2026*,4. Desigualdad habitacional (brecha de ingreso propietarios vs arrendatarios),ND,Armenia,ND,%,0,,ND,Sin posicion: estimacion no publicable segun criterio DANE
2026*,4. Desigualdad habitacional (brecha de ingreso propietarios vs arrendatarios),ND,Barranquilla A.M.,ND,%,0,,ND,Sin posicion: estimacion no publicable segun criterio DANE
2026*,4. Desigualdad habitacional (brecha de ingreso propietarios vs arrendatarios),ND,Bogotá D.C.,ND,%,0,,ND,Sin posicion: estimacion no publicable segun criterio DANE
2026*,4. Desigualdad habitacional (brecha de ingreso propietarios vs arrendatarios),ND,Bucaramanga A.M.,ND,%,0,,ND,Sin posicion: estimacion no publicable segun criterio DANE
2026*,4. Desigualdad habitacional (brecha de ingreso propietarios vs arrendatarios),ND,Cali A.M.,ND,%,0,,ND,Sin posicion: estimacion no publicable segun criterio DANE
2026*,4. Desigualdad habitacional (brecha de ingreso propietarios vs arrendatarios),ND,Cartagena,ND,%,0,,ND,Sin posicion: estimacion no publicable segun criterio DANE
2026*,4. Desigualdad habitacional (brecha de ingreso propietarios vs arrendatarios),ND,Cúcuta A.M.,ND,%,0,,ND,Sin posicion: estimacion no publicable segun criterio DANE
2026*,4. Desigualdad habitacional (brecha de ingreso propietarios vs arrendatarios),ND,Florencia,ND,%,0,,ND,Sin posicion: estimacion no publicable segun criterio DANE
2026*,4. Desigualdad habitacional (brecha de ingreso propietarios vs arrendatarios),ND,Ibagué,ND,%,0,,ND,Sin posicion: estimacion no publicable segun criterio DANE
2026*,4. Desigualdad habitacional (brecha de ingreso propietarios vs arrendatarios),ND,Manizales A.M.,ND,%,0,,ND,Sin posicion: estimacion no publicable segun criterio DANE
2026*,4. Desigualdad habitacional (brecha de ingreso propietarios vs arrendatarios),ND,Medellín A.M.,ND,%,0,,ND,Sin posicion: estimacion no publicable segun criterio DANE
2026*,4. Desigualdad habitacional (brecha de ingreso propietarios vs arrendatarios),ND,Montería,ND,%,0,,ND,Sin posicion: estimacion no publicable segun criterio DANE
2026*,4. Desigualdad habitacional (brecha de ingreso propietarios vs arrendatarios),ND,Neiva,ND,%,0,,ND,Sin posicion: estimacion no publicable segun criterio DANE
2026*,4. Desigualdad habitacional (brecha de ingreso propietarios vs arrendatarios),ND,Pasto,ND,%,0,,ND,Sin posicion: estimacion no publicable segun criterio DANE
2026*,4. Desigualdad habitacional (brecha de ingreso propietarios vs arrendatarios),ND,Pereira A.M.,ND,%,0,,ND,Sin posicion: estimacion no publicable segun criterio DANE
2026*,4. Desigualdad habitacional (brecha de ingreso propietarios vs arrendatarios),ND,Popayán,ND,%,0,,ND,Sin posicion: estimacion no publicable segun criterio DANE
2026*,4. Desigualdad habitacional (brecha de ingreso propietarios vs arrendatarios),ND,Quibdó,ND,%,0,,ND,Sin posicion: estimacion no publicable segun criterio DANE
2026*,4. Desigualdad habitacional (brecha de ingreso propietarios vs arrendatarios),ND,Riohacha,ND,%,0,,ND,Sin posicion: estimacion no publicable segun criterio DANE
2026*,4. Desigualdad habitacional (brecha de ingreso propietarios vs arrendatarios),ND,Santa Marta,ND,%,0,,ND,Sin posicion: estimacion no publicable segun criterio DANE
2026*,4. Desigualdad habitacional (brecha de ingreso propietarios vs arrendatarios),ND,Sincelejo,ND,%,0,,ND,Sin posicion: estimacion no publicable segun criterio DANE
2026*,4. Desigualdad habitacional (brecha de ingreso propietarios vs arrendatarios),ND,Tunja,ND,%,0,,ND,Sin posicion: estimacion no publicable segun criterio DANE
2026*,4. Desigualdad habitacional (brecha de ingreso propietarios vs arrendatarios),ND,Valledupar,ND,%,0,,ND,Sin posicion: estimacion no publicable segun criterio DANE
2026*,4. Desigualdad habitacional (brecha de ingreso propietarios vs arrendatarios),ND,Villavicencio,ND,%,0,,ND,Sin posicion: estimacion no publicable segun criterio DANE
2026*,5. Hacinamiento (% hogares >3 personas/cuarto para dormir),1,Riohacha,8.49,%,3279,6.1367,ACEPTABLE,
2026*,5. Hacinamiento (% hogares >3 personas/cuarto para dormir),2,Santa Marta,4.93,%,3966,7.3872,ACEPTABLE,
2026*,5. Hacinamiento (% hogares >3 personas/cuarto para dormir),3,Cúcuta A.M.,3.88,%,4077,10.0755,ACEPTABLE,
2026*,5. Hacinamiento (% hogares >3 personas/cuarto para dormir),4,Cartagena,3.8,%,4353,7.7479,ACEPTABLE,
2026*,5. Hacinamiento (% hogares >3 personas/cuarto para dormir),5,Valledupar,3.42,%,3512,9.1219,ACEPTABLE,
2026*,5. Hacinamiento (% hogares >3 personas/cuarto para dormir),6,Sincelejo,3.41,%,3559,9.6525,ACEPTABLE,
2026*,5. Hacinamiento (% hogares >3 personas/cuarto para dormir),7,Barranquilla A.M.,2.98,%,3918,10.5510,ACEPTABLE,
2026*,5. Hacinamiento (% hogares >3 personas/cuarto para dormir),8,Montería,2.67,%,2960,11.3988,ACEPTABLE,
2026*,5. Hacinamiento (% hogares >3 personas/cuarto para dormir),9,Quibdó,1.71,%,4059,13.8664,ACEPTABLE,
2026*,5. Hacinamiento (% hogares >3 personas/cuarto para dormir),10,Florencia,1.44,%,4089,14.1113,ACEPTABLE,
2026*,5. Hacinamiento (% hogares >3 personas/cuarto para dormir),11,Neiva,1.17,%,3852,21.5393,PRECAUCION,
2026*,5. Hacinamiento (% hogares >3 personas/cuarto para dormir),12,Bogotá D.C.,1.08,%,4864,15.7185,PRECAUCION,
2026*,5. Hacinamiento (% hogares >3 personas/cuarto para dormir),13,Cali A.M.,1.04,%,5011,19.1933,PRECAUCION,
2026*,5. Hacinamiento (% hogares >3 personas/cuarto para dormir),14,Villavicencio,0.97,%,4104,18.5420,PRECAUCION,
2026*,5. Hacinamiento (% hogares >3 personas/cuarto para dormir),15,Bucaramanga A.M.,0.94,%,4449,19.9882,PRECAUCION,
2026*,5. Hacinamiento (% hogares >3 personas/cuarto para dormir),16,Medellín A.M.,0.88,%,5927,14.3733,ACEPTABLE,
2026*,5. Hacinamiento (% hogares >3 personas/cuarto para dormir),17,Pasto,0.87,%,4317,18.3289,PRECAUCION,
2026*,5. Hacinamiento (% hogares >3 personas/cuarto para dormir),18,Pereira A.M.,0.76,%,5581,22.3410,PRECAUCION,
2026*,5. Hacinamiento (% hogares >3 personas/cuarto para dormir),19,Popayán,0.68,%,3917,21.8933,PRECAUCION,
2026*,5. Hacinamiento (% hogares >3 personas/cuarto para dormir),20,Manizales A.M.,0.58,%,5964,23.2913,PRECAUCION,
2026*,5. Hacinamiento (% hogares >3 personas/cuarto para dormir),21,Ibagué,0.55,%,3208,24.6912,PRECAUCION,
2026*,5. Hacinamiento (% hogares >3 personas/cuarto para dormir),ND,Armenia,0.49,%,4438,25.6512,NO PUBLICAR,Sin posicion: estimacion no publicable segun criterio DANE
2026*,5. Hacinamiento (% hogares >3 personas/cuarto para dormir),ND,Tunja,0.25,%,3883,39.9415,NO PUBLICAR,Sin posicion: estimacion no publicable segun criterio DANE
