ciudad_nombre,area_hipotesis,area_confirmada,anio,mes,registros,hogares_unicos,duplicados_hogar,suma_fex_c18,suma_fex_c18_dedup,dif_fex_dedup,pct_dpto_esperado,pct_clase1,estado_geografico,observacion
Bogotá D.C.,11,11,2023,Abril,766,766,0,2965686.0,2965686.0,0.0,100.0,100.0,VALIDO,
Medellín A.M.,05,05,2023,Abril,961,961,0,1462939.0,1462939.0,0.0,100.0,100.0,VALIDO,
Cali A.M.,76,76,2023,Abril,958,958,0,795003.0,795003.0,0.0,100.0,100.0,VALIDO,
Barranquilla A.M.,08,08,2023,Abril,677,677,0,564008.0,564008.0,0.0,100.0,100.0,VALIDO,
Bucaramanga A.M.,68,68,2023,Abril,742,742,0,416577.0,416577.0,0.0,100.0,100.0,VALIDO,
Manizales A.M.,17,17,2023,Abril,970,970,0,177964.0,177964.0,0.0,100.0,100.0,VALIDO,
Pereira A.M.,66,66,2023,Abril,958,958,0,236649.0,236649.0,0.0,100.0,100.0,VALIDO,
Cúcuta A.M.,54,54,2023,Abril,710,710,0,309511.0,309511.0,0.0,100.0,100.0,VALIDO,
Ibagué,73,73,2023,Abril,595,595,0,189904.0,189904.0,0.0,100.0,100.0,VALIDO,
Pasto,52,52,2023,Abril,687,687,0,110623.0,110623.0,0.0,100.0,100.0,VALIDO,
Villavicencio,50,50,2023,Abril,695,695,0,183897.0,183897.0,0.0,100.0,100.0,VALIDO,
Montería,23,23,2023,Abril,499,499,0,135208.0,135208.0,0.0,100.0,100.0,VALIDO,
Cartagena,13,13,2023,Abril,747,747,0,296007.0,296007.0,0.0,100.0,100.0,VALIDO,
Neiva,41,41,2023,Abril,637,637,0,117288.0,117288.0,0.0,100.0,100.0,VALIDO,
Armenia,63,63,2023,Abril,729,729,0,111403.0,111403.0,0.0,100.0,100.0,VALIDO,
Santa Marta,47,47,2023,Abril,632,632,0,149080.0,149080.0,0.0,100.0,100.0,VALIDO,
Sincelejo,70,70,2023,Abril,604,604,0,78604.0,78604.0,0.0,100.0,100.0,VALIDO,
Valledupar,20,20,2023,Abril,576,576,0,146975.0,146975.0,0.0,100.0,100.0,VALIDO,
Popayán,19,19,2023,Abril,702,702,0,105570.0,105570.0,0.0,100.0,100.0,VALIDO,
Tunja,15,15,2023,Abril,668,668,0,62254.0,62254.0,0.0,100.0,100.0,VALIDO,
Riohacha,44,44,2023,Abril,587,587,0,48718.0,48718.0,0.0,100.0,100.0,VALIDO,
Florencia,18,18,2023,Abril,670,670,0,57646.0,57646.0,0.0,100.0,100.0,VALIDO,
Quibdó,27,27,2023,Abril,673,673,0,37235.0,37235.0,0.0,100.0,100.0,VALIDO,
Bogotá D.C.,11,11,2023,Agosto,789,789,0,2991116.0,2991116.0,0.0,100.0,100.0,VALIDO,
Medellín A.M.,05,05,2023,Agosto,996,996,0,1479319.0,1479319.0,0.0,100.0,100.0,VALIDO,
Cali A.M.,76,76,2023,Agosto,907,907,0,800675.0,800675.0,0.0,100.0,100.0,VALIDO,
Barranquilla A.M.,08,08,2023,Agosto,687,687,0,569016.0,569016.0,0.0,100.0,100.0,VALIDO,
Bucaramanga A.M.,68,68,2023,Agosto,763,763,0,419877.0,419877.0,0.0,100.0,100.0,VALIDO,
Manizales A.M.,17,17,2023,Agosto,971,971,0,179405.0,179405.0,0.0,100.0,100.0,VALIDO,
Pereira A.M.,66,66,2023,Agosto,970,970,0,238578.0,238578.0,0.0,100.0,100.0,VALIDO,
Cúcuta A.M.,54,54,2023,Agosto,691,691,0,311640.0,311640.0,0.0,100.0,100.0,VALIDO,
Ibagué,73,73,2023,Agosto,563,563,0,191097.0,191097.0,0.0,100.0,100.0,VALIDO,
Pasto,52,52,2023,Agosto,726,726,0,111355.0,111355.0,0.0,100.0,100.0,VALIDO,
Villavicencio,50,50,2023,Agosto,699,699,0,185249.0,185249.0,0.0,100.0,100.0,VALIDO,
Montería,23,23,2023,Agosto,506,506,0,136305.0,136305.0,0.0,100.0,100.0,VALIDO,
Cartagena,13,13,2023,Agosto,728,728,0,298549.0,298549.0,0.0,100.0,100.0,VALIDO,
Neiva,41,41,2023,Agosto,650,650,0,118136.0,118136.0,0.0,100.0,100.0,VALIDO,
Armenia,63,63,2023,Agosto,748,748,0,112324.0,112324.0,0.0,100.0,100.0,VALIDO,
Santa Marta,47,47,2023,Agosto,646,646,0,150323.0,150323.0,0.0,100.0,100.0,VALIDO,
Sincelejo,70,70,2023,Agosto,601,601,0,79240.0,79240.0,0.0,100.0,100.0,VALIDO,
Valledupar,20,20,2023,Agosto,594,594,0,148457.0,148457.0,0.0,100.0,100.0,VALIDO,
Popayán,19,19,2023,Agosto,716,716,0,106423.0,106423.0,0.0,100.0,100.0,VALIDO,
Tunja,15,15,2023,Agosto,668,668,0,62708.0,62708.0,0.0,100.0,100.0,VALIDO,
Riohacha,44,44,2023,Agosto,559,559,0,49343.0,49343.0,0.0,100.0,100.0,VALIDO,
Florencia,18,18,2023,Agosto,658,658,0,58270.0,58270.0,0.0,100.0,100.0,VALIDO,
Quibdó,27,27,2023,Agosto,676,676,0,37533.0,37533.0,0.0,100.0,100.0,VALIDO,
Bogotá D.C.,11,11,2023,Diciembre,758,758,0,3018097.0,3018097.0,0.0,100.0,100.0,VALIDO,
Medellín A.M.,05,05,2023,Diciembre,969,969,0,1496426.0,1496426.0,0.0,100.0,100.0,VALIDO,
Cali A.M.,76,76,2023,Diciembre,878,878,0,806531.0,806531.0,0.0,100.0,100.0,VALIDO,
Barranquilla A.M.,08,08,2023,Diciembre,658,658,0,574468.0,574468.0,0.0,100.0,100.0,VALIDO,
Bucaramanga A.M.,68,68,2023,Diciembre,710,710,0,423548.0,423548.0,0.0,100.0,100.0,VALIDO,
Manizales A.M.,17,17,2023,Diciembre,926,926,0,181011.0,181011.0,0.0,100.0,100.0,VALIDO,
Pereira A.M.,66,66,2023,Diciembre,840,840,0,240510.0,240510.0,0.0,100.0,100.0,VALIDO,
Cúcuta A.M.,54,54,2023,Diciembre,703,703,0,313818.0,313818.0,0.0,100.0,100.0,VALIDO,
Ibagué,73,73,2023,Diciembre,538,538,0,192355.0,192355.0,0.0,100.0,100.0,VALIDO,
Pasto,52,52,2023,Diciembre,722,722,0,112067.0,112067.0,0.0,100.0,100.0,VALIDO,
Villavicencio,50,50,2023,Diciembre,670,670,0,186598.0,186598.0,0.0,100.0,100.0,VALIDO,
Montería,23,23,2023,Diciembre,469,469,0,137253.0,137253.0,0.0,100.0,100.0,VALIDO,
Cartagena,13,13,2023,Diciembre,730,730,0,301038.0,301038.0,0.0,100.0,100.0,VALIDO,
Neiva,41,41,2023,Diciembre,621,621,0,118831.0,118831.0,0.0,100.0,100.0,VALIDO,
Armenia,63,63,2023,Diciembre,700,700,0,113233.0,113233.0,0.0,100.0,100.0,VALIDO,
Santa Marta,47,47,2023,Diciembre,623,623,0,151546.0,151546.0,0.0,100.0,100.0,VALIDO,
Sincelejo,70,70,2023,Diciembre,584,584,0,79790.0,79790.0,0.0,100.0,100.0,VALIDO,
Valledupar,20,20,2023,Diciembre,534,534,0,149973.0,149973.0,0.0,100.0,100.0,VALIDO,
Popayán,19,19,2023,Diciembre,688,688,0,107184.0,107184.0,0.0,100.0,100.0,VALIDO,
Tunja,15,15,2023,Diciembre,592,592,0,63199.0,63199.0,0.0,100.0,100.0,VALIDO,
Riohacha,44,44,2023,Diciembre,578,578,0,50029.0,50029.0,0.0,100.0,100.0,VALIDO,
Florencia,18,18,2023,Diciembre,629,629,0,58973.0,58973.0,0.0,100.0,100.0,VALIDO,
Quibdó,27,27,2023,Diciembre,684,684,0,37794.0,37794.0,0.0,100.0,100.0,VALIDO,
Bogotá D.C.,11,11,2023,Enero,721,721,0,2946612.0,2946612.0,0.0,100.0,100.0,VALIDO,
Medellín A.M.,05,05,2023,Enero,997,997,0,1450303.0,1450303.0,0.0,100.0,100.0,VALIDO,
Cali A.M.,76,76,2023,Enero,925,925,0,790719.0,790719.0,0.0,100.0,100.0,VALIDO,
Barranquilla A.M.,08,08,2023,Enero,653,653,0,560305.0,560305.0,0.0,100.0,100.0,VALIDO,
Bucaramanga A.M.,68,68,2023,Enero,784,784,0,414190.0,414190.0,0.0,100.0,100.0,VALIDO,
Manizales A.M.,17,17,2023,Enero,939,939,0,176927.0,176927.0,0.0,100.0,100.0,VALIDO,
Pereira A.M.,66,66,2023,Enero,923,923,0,235158.0,235158.0,0.0,100.0,100.0,VALIDO,
Cúcuta A.M.,54,54,2023,Enero,746,746,0,307897.0,307897.0,0.0,100.0,100.0,VALIDO,
Ibagué,73,73,2023,Enero,570,570,0,189019.0,189019.0,0.0,100.0,100.0,VALIDO,
Pasto,52,52,2023,Enero,672,672,0,110051.0,110051.0,0.0,100.0,100.0,VALIDO,
Villavicencio,50,50,2023,Enero,668,668,0,182855.0,182855.0,0.0,100.0,100.0,VALIDO,
Montería,23,23,2023,Enero,505,505,0,134292.0,134292.0,0.0,100.0,100.0,VALIDO,
Cartagena,13,13,2023,Enero,785,785,0,294010.0,294010.0,0.0,100.0,100.0,VALIDO,
Neiva,41,41,2023,Enero,633,633,0,116566.0,116566.0,0.0,100.0,100.0,VALIDO,
Armenia,63,63,2023,Enero,729,729,0,110682.0,110682.0,0.0,100.0,100.0,VALIDO,
Santa Marta,47,47,2023,Enero,664,664,0,148105.0,148105.0,0.0,100.0,100.0,VALIDO,
Sincelejo,70,70,2023,Enero,613,613,0,78074.0,78074.0,0.0,100.0,100.0,VALIDO,
Valledupar,20,20,2023,Enero,577,577,0,145824.0,145824.0,0.0,100.0,100.0,VALIDO,
Popayán,19,19,2023,Enero,723,723,0,104868.0,104868.0,0.0,100.0,100.0,VALIDO,
Tunja,15,15,2023,Enero,602,602,0,61922.0,61922.0,0.0,100.0,100.0,VALIDO,
Riohacha,44,44,2023,Enero,554,554,0,48244.0,48244.0,0.0,100.0,100.0,VALIDO,
Florencia,18,18,2023,Enero,604,604,0,57188.0,57188.0,0.0,100.0,100.0,VALIDO,
Quibdó,27,27,2023,Enero,752,752,0,36990.0,36990.0,0.0,100.0,100.0,VALIDO,
Bogotá D.C.,11,11,2023,Febrero,792,792,0,2952994.0,2952994.0,0.0,100.0,100.0,VALIDO,
Medellín A.M.,05,05,2023,Febrero,1032,1032,0,1454535.0,1454535.0,0.0,100.0,100.0,VALIDO,
Cali A.M.,76,76,2023,Febrero,936,936,0,792151.0,792151.0,0.0,100.0,100.0,VALIDO,
Barranquilla A.M.,08,08,2023,Febrero,694,694,0,561544.0,561544.0,0.0,100.0,100.0,VALIDO,
Bucaramanga A.M.,68,68,2023,Febrero,738,738,0,414987.0,414987.0,0.0,100.0,100.0,VALIDO,
Manizales A.M.,17,17,2023,Febrero,947,947,0,177273.0,177273.0,0.0,100.0,100.0,VALIDO,
Pereira A.M.,66,66,2023,Febrero,950,950,0,235657.0,235657.0,0.0,100.0,100.0,VALIDO,
Cúcuta A.M.,54,54,2023,Febrero,744,744,0,308438.0,308438.0,0.0,100.0,100.0,VALIDO,
Ibagué,73,73,2023,Febrero,593,593,0,189315.0,189315.0,0.0,100.0,100.0,VALIDO,
Pasto,52,52,2023,Febrero,744,744,0,110243.0,110243.0,0.0,100.0,100.0,VALIDO,
Villavicencio,50,50,2023,Febrero,670,670,0,183203.0,183203.0,0.0,100.0,100.0,VALIDO,
Montería,23,23,2023,Febrero,503,503,0,134598.0,134598.0,0.0,100.0,100.0,VALIDO,
Cartagena,13,13,2023,Febrero,744,744,0,294678.0,294678.0,0.0,100.0,100.0,VALIDO,
Neiva,41,41,2023,Febrero,655,655,0,116808.0,116808.0,0.0,100.0,100.0,VALIDO,
Armenia,63,63,2023,Febrero,749,749,0,110923.0,110923.0,0.0,100.0,100.0,VALIDO,
Santa Marta,47,47,2023,Febrero,654,654,0,148432.0,148432.0,0.0,100.0,100.0,VALIDO,
Sincelejo,70,70,2023,Febrero,580,580,0,78251.0,78251.0,0.0,100.0,100.0,VALIDO,
Valledupar,20,20,2023,Febrero,568,568,0,146210.0,146210.0,0.0,100.0,100.0,VALIDO,
Popayán,19,19,2023,Febrero,720,720,0,105103.0,105103.0,0.0,100.0,100.0,VALIDO,
Tunja,15,15,2023,Febrero,658,658,0,62033.0,62033.0,0.0,100.0,100.0,VALIDO,
Riohacha,44,44,2023,Febrero,606,606,0,48403.0,48403.0,0.0,100.0,100.0,VALIDO,
Florencia,18,18,2023,Febrero,607,607,0,57341.0,57341.0,0.0,100.0,100.0,VALIDO,
Quibdó,27,27,2023,Febrero,727,727,0,37071.0,37071.0,0.0,100.0,100.0,VALIDO,
Bogotá D.C.,11,11,2023,Julio,843,843,0,2984531.0,2984531.0,0.0,100.0,100.0,VALIDO,
Medellín A.M.,05,05,2023,Julio,1020,1020,0,1475187.0,1475187.0,0.0,100.0,100.0,VALIDO,
Cali A.M.,76,76,2023,Julio,910,910,0,799236.0,799236.0,0.0,100.0,100.0,VALIDO,
Barranquilla A.M.,08,08,2023,Julio,639,639,0,567688.0,567688.0,0.0,100.0,100.0,VALIDO,
Bucaramanga A.M.,68,68,2023,Julio,718,718,0,418979.0,418979.0,0.0,100.0,100.0,VALIDO,
Manizales A.M.,17,17,2023,Julio,953,953,0,179010.0,179010.0,0.0,100.0,100.0,VALIDO,
Pereira A.M.,66,66,2023,Julio,944,944,0,238105.0,238105.0,0.0,100.0,100.0,VALIDO,
Cúcuta A.M.,54,54,2023,Julio,687,687,0,311105.0,311105.0,0.0,100.0,100.0,VALIDO,
Ibagué,73,73,2023,Julio,578,578,0,190787.0,190787.0,0.0,100.0,100.0,VALIDO,
Pasto,52,52,2023,Julio,706,706,0,111180.0,111180.0,0.0,100.0,100.0,VALIDO,
Villavicencio,50,50,2023,Julio,677,677,0,184918.0,184918.0,0.0,100.0,100.0,VALIDO,
Montería,23,23,2023,Julio,515,515,0,136071.0,136071.0,0.0,100.0,100.0,VALIDO,
Cartagena,13,13,2023,Julio,733,733,0,297939.0,297939.0,0.0,100.0,100.0,VALIDO,
Neiva,41,41,2023,Julio,641,641,0,117965.0,117965.0,0.0,100.0,100.0,VALIDO,
Armenia,63,63,2023,Julio,742,742,0,112102.0,112102.0,0.0,100.0,100.0,VALIDO,
Santa Marta,47,47,2023,Julio,627,627,0,150024.0,150024.0,0.0,100.0,100.0,VALIDO,
Sincelejo,70,70,2023,Julio,581,581,0,79104.0,79104.0,0.0,100.0,100.0,VALIDO,
Valledupar,20,20,2023,Julio,590,590,0,148089.0,148089.0,0.0,100.0,100.0,VALIDO,
Popayán,19,19,2023,Julio,695,695,0,106236.0,106236.0,0.0,100.0,100.0,VALIDO,
Tunja,15,15,2023,Julio,633,633,0,62588.0,62588.0,0.0,100.0,100.0,VALIDO,
Riohacha,44,44,2023,Julio,578,578,0,49179.0,49179.0,0.0,100.0,100.0,VALIDO,
Florencia,18,18,2023,Julio,663,663,0,58101.0,58101.0,0.0,100.0,100.0,VALIDO,
Quibdó,27,27,2023,Julio,700,700,0,37468.0,37468.0,0.0,100.0,100.0,VALIDO,
Bogotá D.C.,11,11,2023,Junio,796,796,0,2978189.0,2978189.0,0.0,100.0,100.0,VALIDO,
Medellín A.M.,05,05,2023,Junio,1000,1000,0,1471146.0,1471146.0,0.0,100.0,100.0,VALIDO,
Cali A.M.,76,76,2023,Junio,904,904,0,797823.0,797823.0,0.0,100.0,100.0,VALIDO,
Barranquilla A.M.,08,08,2023,Junio,662,662,0,566434.0,566434.0,0.0,100.0,100.0,VALIDO,
Bucaramanga A.M.,68,68,2023,Junio,798,798,0,418147.0,418147.0,0.0,100.0,100.0,VALIDO,
Manizales A.M.,17,17,2023,Junio,944,944,0,178647.0,178647.0,0.0,100.0,100.0,VALIDO,
Pereira A.M.,66,66,2023,Junio,917,917,0,237628.0,237628.0,0.0,100.0,100.0,VALIDO,
Cúcuta A.M.,54,54,2023,Junio,701,701,0,310575.0,310575.0,0.0,100.0,100.0,VALIDO,
Ibagué,73,73,2023,Junio,564,564,0,190488.0,190488.0,0.0,100.0,100.0,VALIDO,
Pasto,52,52,2023,Junio,707,707,0,110998.0,110998.0,0.0,100.0,100.0,VALIDO,
Villavicencio,50,50,2023,Junio,673,673,0,184584.0,184584.0,0.0,100.0,100.0,VALIDO,
Montería,23,23,2023,Junio,495,495,0,135807.0,135807.0,0.0,100.0,100.0,VALIDO,
Cartagena,13,13,2023,Junio,747,747,0,297315.0,297315.0,0.0,100.0,100.0,VALIDO,
Neiva,41,41,2023,Junio,606,606,0,117763.0,117763.0,0.0,100.0,100.0,VALIDO,
Armenia,63,63,2023,Junio,707,707,0,111876.0,111876.0,0.0,100.0,100.0,VALIDO,
Santa Marta,47,47,2023,Junio,642,642,0,149718.0,149718.0,0.0,100.0,100.0,VALIDO,
Sincelejo,70,70,2023,Junio,626,626,0,78951.0,78951.0,0.0,100.0,100.0,VALIDO,
Valledupar,20,20,2023,Junio,590,590,0,147723.0,147723.0,0.0,100.0,100.0,VALIDO,
Popayán,19,19,2023,Junio,688,688,0,106030.0,106030.0,0.0,100.0,100.0,VALIDO,
Tunja,15,15,2023,Junio,629,629,0,62473.0,62473.0,0.0,100.0,100.0,VALIDO,
Riohacha,44,44,2023,Junio,550,550,0,49024.0,49024.0,0.0,100.0,100.0,VALIDO,
Florencia,18,18,2023,Junio,647,647,0,57943.0,57943.0,0.0,100.0,100.0,VALIDO,
Quibdó,27,27,2023,Junio,655,655,0,37396.0,37396.0,0.0,100.0,100.0,VALIDO,
Bogotá D.C.,11,11,2023,Marzo,768,768,0,2959357.0,2959357.0,0.0,100.0,100.0,VALIDO,
Medellín A.M.,05,05,2023,Marzo,1023,1023,0,1458756.0,1458756.0,0.0,100.0,100.0,VALIDO,
Cali A.M.,76,76,2023,Marzo,910,910,0,793579.0,793579.0,0.0,100.0,100.0,VALIDO,
Barranquilla A.M.,08,08,2023,Marzo,679,679,0,562779.0,562779.0,0.0,100.0,100.0,VALIDO,
Bucaramanga A.M.,68,68,2023,Marzo,757,757,0,415783.0,415783.0,0.0,100.0,100.0,VALIDO,
Manizales A.M.,17,17,2023,Marzo,969,969,0,177619.0,177619.0,0.0,100.0,100.0,VALIDO,
Pereira A.M.,66,66,2023,Marzo,967,967,0,236154.0,236154.0,0.0,100.0,100.0,VALIDO,
Cúcuta A.M.,54,54,2023,Marzo,730,730,0,308974.0,308974.0,0.0,100.0,100.0,VALIDO,
Ibagué,73,73,2023,Marzo,588,588,0,189610.0,189610.0,0.0,100.0,100.0,VALIDO,
Pasto,52,52,2023,Marzo,726,726,0,110433.0,110433.0,0.0,100.0,100.0,VALIDO,
Villavicencio,50,50,2023,Marzo,695,695,0,183551.0,183551.0,0.0,100.0,100.0,VALIDO,
Montería,23,23,2023,Marzo,505,505,0,134904.0,134904.0,0.0,100.0,100.0,VALIDO,
Cartagena,13,13,2023,Marzo,756,756,0,295345.0,295345.0,0.0,100.0,100.0,VALIDO,
Neiva,41,41,2023,Marzo,672,672,0,117048.0,117048.0,0.0,100.0,100.0,VALIDO,
Armenia,63,63,2023,Marzo,727,727,0,111163.0,111163.0,0.0,100.0,100.0,VALIDO,
Santa Marta,47,47,2023,Marzo,645,645,0,148757.0,148757.0,0.0,100.0,100.0,VALIDO,
Sincelejo,70,70,2023,Marzo,579,579,0,78428.0,78428.0,0.0,100.0,100.0,VALIDO,
Valledupar,20,20,2023,Marzo,567,567,0,146593.0,146593.0,0.0,100.0,100.0,VALIDO,
Popayán,19,19,2023,Marzo,741,741,0,105337.0,105337.0,0.0,100.0,100.0,VALIDO,
Tunja,15,15,2023,Marzo,655,655,0,62144.0,62144.0,0.0,100.0,100.0,VALIDO,
Riohacha,44,44,2023,Marzo,596,596,0,48561.0,48561.0,0.0,100.0,100.0,VALIDO,
Florencia,18,18,2023,Marzo,662,662,0,57494.0,57494.0,0.0,100.0,100.0,VALIDO,
Quibdó,27,27,2023,Marzo,723,723,0,37154.0,37154.0,0.0,100.0,100.0,VALIDO,
Bogotá D.C.,11,11,2023,Mayo,811,811,0,2971969.0,2971969.0,0.0,100.0,100.0,VALIDO,
Medellín A.M.,05,05,2023,Mayo,987,987,0,1467070.0,1467070.0,0.0,100.0,100.0,VALIDO,
Cali A.M.,76,76,2023,Mayo,914,914,0,796419.0,796419.0,0.0,100.0,100.0,VALIDO,
Barranquilla A.M.,08,08,2023,Mayo,639,639,0,565228.0,565228.0,0.0,100.0,100.0,VALIDO,
Bucaramanga A.M.,68,68,2023,Mayo,736,736,0,417363.0,417363.0,0.0,100.0,100.0,VALIDO,
Manizales A.M.,17,17,2023,Mayo,942,942,0,178307.0,178307.0,0.0,100.0,100.0,VALIDO,
Pereira A.M.,66,66,2023,Mayo,931,931,0,237141.0,237141.0,0.0,100.0,100.0,VALIDO,
Cúcuta A.M.,54,54,2023,Mayo,706,706,0,310045.0,310045.0,0.0,100.0,100.0,VALIDO,
Ibagué,73,73,2023,Mayo,574,574,0,190196.0,190196.0,0.0,100.0,100.0,VALIDO,
Pasto,52,52,2023,Mayo,692,692,0,110812.0,110812.0,0.0,100.0,100.0,VALIDO,
Villavicencio,50,50,2023,Mayo,642,642,0,184241.0,184241.0,0.0,100.0,100.0,VALIDO,
Montería,23,23,2023,Mayo,521,521,0,135509.0,135509.0,0.0,100.0,100.0,VALIDO,
Cartagena,13,13,2023,Mayo,762,762,0,296665.0,296665.0,0.0,100.0,100.0,VALIDO,
Neiva,41,41,2023,Mayo,634,634,0,117527.0,117527.0,0.0,100.0,100.0,VALIDO,
Armenia,63,63,2023,Mayo,708,708,0,111640.0,111640.0,0.0,100.0,100.0,VALIDO,
Santa Marta,47,47,2023,Mayo,659,659,0,149401.0,149401.0,0.0,100.0,100.0,VALIDO,
Sincelejo,70,70,2023,Mayo,585,585,0,78779.0,78779.0,0.0,100.0,100.0,VALIDO,
Valledupar,20,20,2023,Mayo,560,560,0,147351.0,147351.0,0.0,100.0,100.0,VALIDO,
Popayán,19,19,2023,Mayo,708,708,0,105801.0,105801.0,0.0,100.0,100.0,VALIDO,
Tunja,15,15,2023,Mayo,645,645,0,62364.0,62364.0,0.0,100.0,100.0,VALIDO,
Riohacha,44,44,2023,Mayo,579,579,0,48872.0,48872.0,0.0,100.0,100.0,VALIDO,
Florencia,18,18,2023,Mayo,631,631,0,57796.0,57796.0,0.0,100.0,100.0,VALIDO,
Quibdó,27,27,2023,Mayo,682,682,0,37316.0,37316.0,0.0,100.0,100.0,VALIDO,
Bogotá D.C.,11,11,2023,Noviembre,772,772,0,3011288.0,3011288.0,0.0,100.0,100.0,VALIDO,
Medellín A.M.,05,05,2023,Noviembre,1007,1007,0,1492091.0,1492091.0,0.0,100.0,100.0,VALIDO,
Cali A.M.,76,76,2023,Noviembre,855,855,0,805057.0,805057.0,0.0,100.0,100.0,VALIDO,
Barranquilla A.M.,08,08,2023,Noviembre,640,640,0,573090.0,573090.0,0.0,100.0,100.0,VALIDO,
Bucaramanga A.M.,68,68,2023,Noviembre,751,751,0,422622.0,422622.0,0.0,100.0,100.0,VALIDO,
Manizales A.M.,17,17,2023,Noviembre,964,964,0,180607.0,180607.0,0.0,100.0,100.0,VALIDO,
Pereira A.M.,66,66,2023,Noviembre,886,886,0,240024.0,240024.0,0.0,100.0,100.0,VALIDO,
Cúcuta A.M.,54,54,2023,Noviembre,702,702,0,313271.0,313271.0,0.0,100.0,100.0,VALIDO,
Ibagué,73,73,2023,Noviembre,552,552,0,192039.0,192039.0,0.0,100.0,100.0,VALIDO,
Pasto,52,52,2023,Noviembre,695,695,0,111888.0,111888.0,0.0,100.0,100.0,VALIDO,
Villavicencio,50,50,2023,Noviembre,671,671,0,186258.0,186258.0,0.0,100.0,100.0,VALIDO,
Montería,23,23,2023,Noviembre,484,484,0,137015.0,137015.0,0.0,100.0,100.0,VALIDO,
Cartagena,13,13,2023,Noviembre,701,701,0,300410.0,300410.0,0.0,100.0,100.0,VALIDO,
Neiva,41,41,2023,Noviembre,613,613,0,118657.0,118657.0,0.0,100.0,100.0,VALIDO,
Armenia,63,63,2023,Noviembre,714,714,0,113004.0,113004.0,0.0,100.0,100.0,VALIDO,
Santa Marta,47,47,2023,Noviembre,640,640,0,151237.0,151237.0,0.0,100.0,100.0,VALIDO,
Sincelejo,70,70,2023,Noviembre,583,583,0,79651.0,79651.0,0.0,100.0,100.0,VALIDO,
Valledupar,20,20,2023,Noviembre,567,567,0,149590.0,149590.0,0.0,100.0,100.0,VALIDO,
Popayán,19,19,2023,Noviembre,721,721,0,106993.0,106993.0,0.0,100.0,100.0,VALIDO,
Tunja,15,15,2023,Noviembre,630,630,0,63075.0,63075.0,0.0,100.0,100.0,VALIDO,
Riohacha,44,44,2023,Noviembre,565,565,0,49855.0,49855.0,0.0,100.0,100.0,VALIDO,
Florencia,18,18,2023,Noviembre,661,661,0,58794.0,58794.0,0.0,100.0,100.0,VALIDO,
Quibdó,27,27,2023,Noviembre,660,660,0,37728.0,37728.0,0.0,100.0,100.0,VALIDO,
Bogotá D.C.,11,11,2023,Octubre,718,718,0,3004511.0,3004511.0,0.0,100.0,100.0,VALIDO,
Medellín A.M.,05,05,2023,Octubre,988,988,0,1487786.0,1487786.0,0.0,100.0,100.0,VALIDO,
Cali A.M.,76,76,2023,Octubre,867,867,0,803588.0,803588.0,0.0,100.0,100.0,VALIDO,
Barranquilla A.M.,08,08,2023,Octubre,646,646,0,571719.0,571719.0,0.0,100.0,100.0,VALIDO,
Bucaramanga A.M.,68,68,2023,Octubre,770,770,0,421701.0,421701.0,0.0,100.0,100.0,VALIDO,
Manizales A.M.,17,17,2023,Octubre,925,925,0,180202.0,180202.0,0.0,100.0,100.0,VALIDO,
Pereira A.M.,66,66,2023,Octubre,893,893,0,239538.0,239538.0,0.0,100.0,100.0,VALIDO,
Cúcuta A.M.,54,54,2023,Octubre,647,647,0,312726.0,312726.0,0.0,100.0,100.0,VALIDO,
Ibagué,73,73,2023,Octubre,569,569,0,191723.0,191723.0,0.0,100.0,100.0,VALIDO,
Pasto,52,52,2023,Octubre,714,714,0,111710.0,111710.0,0.0,100.0,100.0,VALIDO,
Villavicencio,50,50,2023,Octubre,670,670,0,185919.0,185919.0,0.0,100.0,100.0,VALIDO,
Montería,23,23,2023,Octubre,502,502,0,136777.0,136777.0,0.0,100.0,100.0,VALIDO,
Cartagena,13,13,2023,Octubre,739,739,0,299785.0,299785.0,0.0,100.0,100.0,VALIDO,
Neiva,41,41,2023,Octubre,614,614,0,118482.0,118482.0,0.0,100.0,100.0,VALIDO,
Armenia,63,63,2023,Octubre,657,657,0,112777.0,112777.0,0.0,100.0,100.0,VALIDO,
Santa Marta,47,47,2023,Octubre,636,636,0,150931.0,150931.0,0.0,100.0,100.0,VALIDO,
Sincelejo,70,70,2023,Octubre,585,585,0,79514.0,79514.0,0.0,100.0,100.0,VALIDO,
Valledupar,20,20,2023,Octubre,579,579,0,149208.0,149208.0,0.0,100.0,100.0,VALIDO,
Popayán,19,19,2023,Octubre,687,687,0,106802.0,106802.0,0.0,100.0,100.0,VALIDO,
Tunja,15,15,2023,Octubre,630,630,0,62952.0,62952.0,0.0,100.0,100.0,VALIDO,
Riohacha,44,44,2023,Octubre,550,550,0,49681.0,49681.0,0.0,100.0,100.0,VALIDO,
Florencia,18,18,2023,Octubre,663,663,0,58618.0,58618.0,0.0,100.0,100.0,VALIDO,
Quibdó,27,27,2023,Octubre,685,685,0,37662.0,37662.0,0.0,100.0,100.0,VALIDO,
Bogotá D.C.,11,11,2023,Septiembre,788,788,0,2997781.0,2997781.0,0.0,100.0,100.0,VALIDO,
Medellín A.M.,05,05,2023,Septiembre,1014,1014,0,1483524.0,1483524.0,0.0,100.0,100.0,VALIDO,
Cali A.M.,76,76,2023,Septiembre,877,877,0,802127.0,802127.0,0.0,100.0,100.0,VALIDO,
Barranquilla A.M.,08,08,2023,Septiembre,657,657,0,570361.0,570361.0,0.0,100.0,100.0,VALIDO,
Bucaramanga A.M.,68,68,2023,Septiembre,749,749,0,420784.0,420784.0,0.0,100.0,100.0,VALIDO,
Manizales A.M.,17,17,2023,Septiembre,929,929,0,179802.0,179802.0,0.0,100.0,100.0,VALIDO,
Pereira A.M.,66,66,2023,Septiembre,904,904,0,239057.0,239057.0,0.0,100.0,100.0,VALIDO,
Cúcuta A.M.,54,54,2023,Septiembre,686,686,0,312179.0,312179.0,0.0,100.0,100.0,VALIDO,
Ibagué,73,73,2023,Septiembre,583,583,0,191409.0,191409.0,0.0,100.0,100.0,VALIDO,
Pasto,52,52,2023,Septiembre,719,719,0,111532.0,111532.0,0.0,100.0,100.0,VALIDO,
Villavicencio,50,50,2023,Septiembre,664,664,0,185583.0,185583.0,0.0,100.0,100.0,VALIDO,
Montería,23,23,2023,Septiembre,487,487,0,136540.0,136540.0,0.0,100.0,100.0,VALIDO,
Cartagena,13,13,2023,Septiembre,739,739,0,299164.0,299164.0,0.0,100.0,100.0,VALIDO,
Neiva,41,41,2023,Septiembre,622,622,0,118309.0,118309.0,0.0,100.0,100.0,VALIDO,
Armenia,63,63,2023,Septiembre,699,699,0,112550.0,112550.0,0.0,100.0,100.0,VALIDO,
Santa Marta,47,47,2023,Septiembre,655,655,0,150626.0,150626.0,0.0,100.0,100.0,VALIDO,
Sincelejo,70,70,2023,Septiembre,602,602,0,79376.0,79376.0,0.0,100.0,100.0,VALIDO,
Valledupar,20,20,2023,Septiembre,551,551,0,148830.0,148830.0,0.0,100.0,100.0,VALIDO,
Popayán,19,19,2023,Septiembre,713,713,0,106612.0,106612.0,0.0,100.0,100.0,VALIDO,
Tunja,15,15,2023,Septiembre,656,656,0,62830.0,62830.0,0.0,100.0,100.0,VALIDO,
Riohacha,44,44,2023,Septiembre,544,544,0,49511.0,49511.0,0.0,100.0,100.0,VALIDO,
Florencia,18,18,2023,Septiembre,666,666,0,58443.0,58443.0,0.0,100.0,100.0,VALIDO,
Quibdó,27,27,2023,Septiembre,681,681,0,37597.0,37597.0,0.0,100.0,100.0,VALIDO,
Bogotá D.C.,11,11,2024,Abril 2024,805,805,0,3045299.0,3045299.0,0.0,100.0,100.0,VALIDO,
Medellín A.M.,05,05,2024,Abril 2024,986,986,0,1513738.0,1513738.0,0.0,100.0,100.0,VALIDO,
Cali A.M.,76,76,2024,Abril 2024,895,895,0,812421.0,812421.0,0.0,100.0,100.0,VALIDO,
Barranquilla A.M.,08,08,2024,Abril 2024,665,665,0,579970.0,579970.0,0.0,100.0,100.0,VALIDO,
Bucaramanga A.M.,68,68,2024,Abril 2024,742,742,0,427247.0,427247.0,0.0,100.0,100.0,VALIDO,
Manizales A.M.,17,17,2024,Abril 2024,940,940,0,182631.0,182631.0,0.0,100.0,100.0,VALIDO,
Pereira A.M.,66,66,2024,Abril 2024,943,943,0,242455.0,242455.0,0.0,100.0,100.0,VALIDO,
Cúcuta A.M.,54,54,2024,Abril 2024,734,734,0,316011.0,316011.0,0.0,100.0,100.0,VALIDO,
Ibagué,73,73,2024,Abril 2024,572,572,0,193619.0,193619.0,0.0,100.0,100.0,VALIDO,
Pasto,52,52,2024,Abril 2024,760,760,0,112782.0,112782.0,0.0,100.0,100.0,VALIDO,
Villavicencio,50,50,2024,Abril 2024,695,695,0,187953.0,187953.0,0.0,100.0,100.0,VALIDO,
Montería,23,23,2024,Abril 2024,497,497,0,138206.0,138206.0,0.0,100.0,100.0,VALIDO,
Cartagena,13,13,2024,Abril 2024,738,738,0,303545.0,303545.0,0.0,100.0,100.0,VALIDO,
Neiva,41,41,2024,Abril 2024,646,646,0,119527.0,119527.0,0.0,100.0,100.0,VALIDO,
Armenia,63,63,2024,Abril 2024,774,774,0,114148.0,114148.0,0.0,100.0,100.0,VALIDO,
Santa Marta,47,47,2024,Abril 2024,639,639,0,152775.0,152775.0,0.0,100.0,100.0,VALIDO,
Sincelejo,70,70,2024,Abril 2024,599,599,0,80343.0,80343.0,0.0,100.0,100.0,VALIDO,
Valledupar,20,20,2024,Abril 2024,563,563,0,151503.0,151503.0,0.0,100.0,100.0,VALIDO,
Popayán,19,19,2024,Abril 2024,668,668,0,107949.0,107949.0,0.0,100.0,100.0,VALIDO,
Tunja,15,15,2024,Abril 2024,639,639,0,63692.0,63692.0,0.0,100.0,100.0,VALIDO,
Riohacha,44,44,2024,Abril 2024,523,523,0,50726.0,50726.0,0.0,100.0,100.0,VALIDO,
Florencia,18,18,2024,Abril 2024,644,644,0,59686.0,59686.0,0.0,100.0,100.0,VALIDO,
Quibdó,27,27,2024,Abril 2024,687,687,0,38057.0,38057.0,0.0,100.0,100.0,VALIDO,
Bogotá D.C.,11,11,2024,Agosto_2024,849,849,0,3071550.0,3071550.0,0.0,100.0,100.0,VALIDO,
Medellín A.M.,05,05,2024,Agosto_2024,1015,1015,0,1530621.0,1530621.0,0.0,100.0,100.0,VALIDO,
Cali A.M.,76,76,2024,Agosto_2024,901,901,0,818395.0,818395.0,0.0,100.0,100.0,VALIDO,
Barranquilla A.M.,08,08,2024,Agosto_2024,637,637,0,585155.0,585155.0,0.0,100.0,100.0,VALIDO,
Bucaramanga A.M.,68,68,2024,Agosto_2024,743,743,0,430802.0,430802.0,0.0,100.0,100.0,VALIDO,
Manizales A.M.,17,17,2024,Agosto_2024,976,976,0,184201.0,184201.0,0.0,100.0,100.0,VALIDO,
Pereira A.M.,66,66,2024,Agosto_2024,952,952,0,244378.0,244378.0,0.0,100.0,100.0,VALIDO,
Cúcuta A.M.,54,54,2024,Agosto_2024,687,687,0,318151.0,318151.0,0.0,100.0,100.0,VALIDO,
Ibagué,73,73,2024,Agosto_2024,567,567,0,194874.0,194874.0,0.0,100.0,100.0,VALIDO,
Pasto,52,52,2024,Agosto_2024,749,749,0,113526.0,113526.0,0.0,100.0,100.0,VALIDO,
Villavicencio,50,50,2024,Agosto_2024,699,699,0,189289.0,189289.0,0.0,100.0,100.0,VALIDO,
Montería,23,23,2024,Agosto_2024,498,498,0,139203.0,139203.0,0.0,100.0,100.0,VALIDO,
Cartagena,13,13,2024,Agosto_2024,709,709,0,306009.0,306009.0,0.0,100.0,100.0,VALIDO,
Neiva,41,41,2024,Agosto_2024,642,642,0,120280.0,120280.0,0.0,100.0,100.0,VALIDO,
Armenia,63,63,2024,Agosto_2024,738,738,0,115044.0,115044.0,0.0,100.0,100.0,VALIDO,
Santa Marta,47,47,2024,Agosto_2024,588,588,0,153999.0,153999.0,0.0,100.0,100.0,VALIDO,
Sincelejo,70,70,2024,Agosto_2024,580,580,0,80914.0,80914.0,0.0,100.0,100.0,VALIDO,
Valledupar,20,20,2024,Agosto_2024,567,567,0,152995.0,152995.0,0.0,100.0,100.0,VALIDO,
Popayán,19,19,2024,Agosto_2024,678,678,0,108696.0,108696.0,0.0,100.0,100.0,VALIDO,
Tunja,15,15,2024,Agosto_2024,652,652,0,64204.0,64204.0,0.0,100.0,100.0,VALIDO,
Riohacha,44,44,2024,Agosto_2024,526,526,0,51391.0,51391.0,0.0,100.0,100.0,VALIDO,
Florencia,18,18,2024,Agosto_2024,653,653,0,60352.0,60352.0,0.0,100.0,100.0,VALIDO,
Quibdó,27,27,2024,Agosto_2024,693,693,0,38308.0,38308.0,0.0,100.0,100.0,VALIDO,
Bogotá D.C.,11,11,2024,Diciembre_2024,755,755,0,3097859.0,3097859.0,0.0,100.0,100.0,VALIDO,
Medellín A.M.,05,05,2024,Diciembre_2024,885,885,0,1548398.0,1548398.0,0.0,100.0,100.0,VALIDO,
Cali A.M.,76,76,2024,Diciembre_2024,797,797,0,824804.0,824804.0,0.0,100.0,100.0,VALIDO,
Barranquilla A.M.,08,08,2024,Diciembre_2024,650,650,0,590155.0,590155.0,0.0,100.0,100.0,VALIDO,
Bucaramanga A.M.,68,68,2024,Diciembre_2024,664,664,0,434323.0,434323.0,0.0,100.0,100.0,VALIDO,
Manizales A.M.,17,17,2024,Diciembre_2024,882,882,0,185779.0,185779.0,0.0,100.0,100.0,VALIDO,
Pereira A.M.,66,66,2024,Diciembre_2024,928,928,0,246367.0,246367.0,0.0,100.0,100.0,VALIDO,
Cúcuta A.M.,54,54,2024,Diciembre_2024,671,671,0,320306.0,320306.0,0.0,100.0,100.0,VALIDO,
Ibagué,73,73,2024,Diciembre_2024,490,490,0,196165.0,196165.0,0.0,100.0,100.0,VALIDO,
Pasto,52,52,2024,Diciembre_2024,671,671,0,114348.0,114348.0,0.0,100.0,100.0,VALIDO,
Villavicencio,50,50,2024,Diciembre_2024,664,664,0,190648.0,190648.0,0.0,100.0,100.0,VALIDO,
Montería,23,23,2024,Diciembre_2024,469,469,0,140322.0,140322.0,0.0,100.0,100.0,VALIDO,
Cartagena,13,13,2024,Diciembre_2024,722,722,0,308541.0,308541.0,0.0,100.0,100.0,VALIDO,
Neiva,41,41,2024,Diciembre_2024,594,594,0,121153.0,121153.0,0.0,100.0,100.0,VALIDO,
Armenia,63,63,2024,Diciembre_2024,688,688,0,115956.0,115956.0,0.0,100.0,100.0,VALIDO,
Santa Marta,47,47,2024,Diciembre_2024,578,578,0,155279.0,155279.0,0.0,100.0,100.0,VALIDO,
Sincelejo,70,70,2024,Diciembre_2024,566,566,0,81546.0,81546.0,0.0,100.0,100.0,VALIDO,
Valledupar,20,20,2024,Diciembre_2024,527,527,0,154537.0,154537.0,0.0,100.0,100.0,VALIDO,
Popayán,19,19,2024,Diciembre_2024,663,663,0,109445.0,109445.0,0.0,100.0,100.0,VALIDO,
Tunja,15,15,2024,Diciembre_2024,595,595,0,64770.0,64770.0,0.0,100.0,100.0,VALIDO,
Riohacha,44,44,2024,Diciembre_2024,510,510,0,52083.0,52083.0,0.0,100.0,100.0,VALIDO,
Florencia,18,18,2024,Diciembre_2024,617,617,0,61003.0,61003.0,0.0,100.0,100.0,VALIDO,
Quibdó,27,27,2024,Diciembre_2024,479,479,0,38549.0,38549.0,0.0,100.0,100.0,VALIDO,
Bogotá D.C.,11,11,2024,Ene_2024,813,813,0,3024920.0,3024920.0,0.0,100.0,100.0,VALIDO,
Medellín A.M.,05,05,2024,Ene_2024,1011,1011,0,1500773.0,1500773.0,0.0,100.0,100.0,VALIDO,
Cali A.M.,76,76,2024,Ene_2024,904,904,0,808007.0,808007.0,0.0,100.0,100.0,VALIDO,
Barranquilla A.M.,08,08,2024,Ene_2024,641,641,0,575848.0,575848.0,0.0,100.0,100.0,VALIDO,
Bucaramanga A.M.,68,68,2024,Ene_2024,737,737,0,424476.0,424476.0,0.0,100.0,100.0,VALIDO,
Manizales A.M.,17,17,2024,Ene_2024,947,947,0,181418.0,181418.0,0.0,100.0,100.0,VALIDO,
Pereira A.M.,66,66,2024,Ene_2024,917,917,0,240997.0,240997.0,0.0,100.0,100.0,VALIDO,
Cúcuta A.M.,54,54,2024,Ene_2024,747,747,0,314368.0,314368.0,0.0,100.0,100.0,VALIDO,
Ibagué,73,73,2024,Ene_2024,565,565,0,192671.0,192671.0,0.0,100.0,100.0,VALIDO,
Pasto,52,52,2024,Ene_2024,735,735,0,112247.0,112247.0,0.0,100.0,100.0,VALIDO,
Villavicencio,50,50,2024,Ene_2024,652,652,0,186937.0,186937.0,0.0,100.0,100.0,VALIDO,
Montería,23,23,2024,Ene_2024,469,469,0,137491.0,137491.0,0.0,100.0,100.0,VALIDO,
Cartagena,13,13,2024,Ene_2024,769,769,0,301666.0,301666.0,0.0,100.0,100.0,VALIDO,
Neiva,41,41,2024,Ene_2024,599,599,0,119005.0,119005.0,0.0,100.0,100.0,VALIDO,
Armenia,63,63,2024,Ene_2024,711,711,0,113462.0,113462.0,0.0,100.0,100.0,VALIDO,
Santa Marta,47,47,2024,Ene_2024,640,640,0,151854.0,151854.0,0.0,100.0,100.0,VALIDO,
Sincelejo,70,70,2024,Ene_2024,585,585,0,79928.0,79928.0,0.0,100.0,100.0,VALIDO,
Valledupar,20,20,2024,Ene_2024,574,574,0,150357.0,150357.0,0.0,100.0,100.0,VALIDO,
Popayán,19,19,2024,Ene_2024,682,682,0,107376.0,107376.0,0.0,100.0,100.0,VALIDO,
Tunja,15,15,2024,Ene_2024,594,594,0,63322.0,63322.0,0.0,100.0,100.0,VALIDO,
Riohacha,44,44,2024,Ene_2024,535,535,0,50204.0,50204.0,0.0,100.0,100.0,VALIDO,
Florencia,18,18,2024,Ene_2024,635,635,0,59153.0,59153.0,0.0,100.0,100.0,VALIDO,
Quibdó,27,27,2024,Ene_2024,695,695,0,37860.0,37860.0,0.0,100.0,100.0,VALIDO,
Bogotá D.C.,11,11,2024,Febrero_2024,806,806,0,3031740.0,3031740.0,0.0,100.0,100.0,VALIDO,
Medellín A.M.,05,05,2024,Febrero_2024,1006,1006,0,1505119.0,1505119.0,0.0,100.0,100.0,VALIDO,
Cali A.M.,76,76,2024,Febrero_2024,936,936,0,809482.0,809482.0,0.0,100.0,100.0,VALIDO,
Barranquilla A.M.,08,08,2024,Febrero_2024,667,667,0,577229.0,577229.0,0.0,100.0,100.0,VALIDO,
Bucaramanga A.M.,68,68,2024,Febrero_2024,779,779,0,425402.0,425402.0,0.0,100.0,100.0,VALIDO,
Manizales A.M.,17,17,2024,Febrero_2024,960,960,0,181823.0,181823.0,0.0,100.0,100.0,VALIDO,
Pereira A.M.,66,66,2024,Febrero_2024,939,939,0,241485.0,241485.0,0.0,100.0,100.0,VALIDO,
Cúcuta A.M.,54,54,2024,Febrero_2024,753,753,0,314917.0,314917.0,0.0,100.0,100.0,VALIDO,
Ibagué,73,73,2024,Febrero_2024,556,556,0,192988.0,192988.0,0.0,100.0,100.0,VALIDO,
Pasto,52,52,2024,Febrero_2024,752,752,0,112425.0,112425.0,0.0,100.0,100.0,VALIDO,
Villavicencio,50,50,2024,Febrero_2024,684,684,0,187277.0,187277.0,0.0,100.0,100.0,VALIDO,
Montería,23,23,2024,Febrero_2024,511,511,0,137731.0,137731.0,0.0,100.0,100.0,VALIDO,
Cartagena,13,13,2024,Febrero_2024,730,730,0,302294.0,302294.0,0.0,100.0,100.0,VALIDO,
Neiva,41,41,2024,Febrero_2024,632,632,0,119180.0,119180.0,0.0,100.0,100.0,VALIDO,
Armenia,63,63,2024,Febrero_2024,762,762,0,113692.0,113692.0,0.0,100.0,100.0,VALIDO,
Santa Marta,47,47,2024,Febrero_2024,659,659,0,152162.0,152162.0,0.0,100.0,100.0,VALIDO,
Sincelejo,70,70,2024,Febrero_2024,574,574,0,80066.0,80066.0,0.0,100.0,100.0,VALIDO,
Valledupar,20,20,2024,Febrero_2024,567,567,0,150741.0,150741.0,0.0,100.0,100.0,VALIDO,
Popayán,19,19,2024,Febrero_2024,685,685,0,107567.0,107567.0,0.0,100.0,100.0,VALIDO,
Tunja,15,15,2024,Febrero_2024,646,646,0,63447.0,63447.0,0.0,100.0,100.0,VALIDO,
Riohacha,44,44,2024,Febrero_2024,573,573,0,50379.0,50379.0,0.0,100.0,100.0,VALIDO,
Florencia,18,18,2024,Febrero_2024,676,676,0,59331.0,59331.0,0.0,100.0,100.0,VALIDO,
Quibdó,27,27,2024,Febrero_2024,691,691,0,37926.0,37926.0,0.0,100.0,100.0,VALIDO,
Bogotá D.C.,11,11,2024,Julio_2024,845,845,0,3065116.0,3065116.0,0.0,100.0,100.0,VALIDO,
Medellín A.M.,05,05,2024,Julio_2024,1009,1009,0,1526331.0,1526331.0,0.0,100.0,100.0,VALIDO,
Cali A.M.,76,76,2024,Julio_2024,864,864,0,816825.0,816825.0,0.0,100.0,100.0,VALIDO,
Barranquilla A.M.,08,08,2024,Julio_2024,629,629,0,583932.0,583932.0,0.0,100.0,100.0,VALIDO,
Bucaramanga A.M.,68,68,2024,Julio_2024,726,726,0,429939.0,429939.0,0.0,100.0,100.0,VALIDO,
Manizales A.M.,17,17,2024,Julio_2024,947,947,0,183815.0,183815.0,0.0,100.0,100.0,VALIDO,
Pereira A.M.,66,66,2024,Julio_2024,943,943,0,243890.0,243890.0,0.0,100.0,100.0,VALIDO,
Cúcuta A.M.,54,54,2024,Julio_2024,716,716,0,317620.0,317620.0,0.0,100.0,100.0,VALIDO,
Ibagué,73,73,2024,Julio_2024,552,552,0,194556.0,194556.0,0.0,100.0,100.0,VALIDO,
Pasto,52,52,2024,Julio_2024,733,733,0,113324.0,113324.0,0.0,100.0,100.0,VALIDO,
Villavicencio,50,50,2024,Julio_2024,681,681,0,188954.0,188954.0,0.0,100.0,100.0,VALIDO,
Montería,23,23,2024,Julio_2024,502,502,0,138930.0,138930.0,0.0,100.0,100.0,VALIDO,
Cartagena,13,13,2024,Julio_2024,716,716,0,305389.0,305389.0,0.0,100.0,100.0,VALIDO,
Neiva,41,41,2024,Julio_2024,656,656,0,120065.0,120065.0,0.0,100.0,100.0,VALIDO,
Armenia,63,63,2024,Julio_2024,750,750,0,114819.0,114819.0,0.0,100.0,100.0,VALIDO,
Santa Marta,47,47,2024,Julio_2024,609,609,0,153685.0,153685.0,0.0,100.0,100.0,VALIDO,
Sincelejo,70,70,2024,Julio_2024,568,568,0,80759.0,80759.0,0.0,100.0,100.0,VALIDO,
Valledupar,20,20,2024,Julio_2024,584,584,0,152620.0,152620.0,0.0,100.0,100.0,VALIDO,
Popayán,19,19,2024,Julio_2024,652,652,0,108512.0,108512.0,0.0,100.0,100.0,VALIDO,
Tunja,15,15,2024,Julio_2024,645,645,0,64065.0,64065.0,0.0,100.0,100.0,VALIDO,
Riohacha,44,44,2024,Julio_2024,534,534,0,51225.0,51225.0,0.0,100.0,100.0,VALIDO,
Florencia,18,18,2024,Julio_2024,631,631,0,60194.0,60194.0,0.0,100.0,100.0,VALIDO,
Quibdó,27,27,2024,Julio_2024,668,668,0,38249.0,38249.0,0.0,100.0,100.0,VALIDO,
Bogotá D.C.,11,11,2024,Junio_2024,831,831,0,3058644.0,3058644.0,0.0,100.0,100.0,VALIDO,
Medellín A.M.,05,05,2024,Junio_2024,1012,1012,0,1522159.0,1522159.0,0.0,100.0,100.0,VALIDO,
Cali A.M.,76,76,2024,Junio_2024,908,908,0,815326.0,815326.0,0.0,100.0,100.0,VALIDO,
Barranquilla A.M.,08,08,2024,Junio_2024,659,659,0,582664.0,582664.0,0.0,100.0,100.0,VALIDO,
Bucaramanga A.M.,68,68,2024,Junio_2024,726,726,0,429064.0,429064.0,0.0,100.0,100.0,VALIDO,
Manizales A.M.,17,17,2024,Junio_2024,943,943,0,183426.0,183426.0,0.0,100.0,100.0,VALIDO,
Pereira A.M.,66,66,2024,Junio_2024,941,941,0,243411.0,243411.0,0.0,100.0,100.0,VALIDO,
Cúcuta A.M.,54,54,2024,Junio_2024,717,717,0,317090.0,317090.0,0.0,100.0,100.0,VALIDO,
Ibagué,73,73,2024,Junio_2024,564,564,0,194243.0,194243.0,0.0,100.0,100.0,VALIDO,
Pasto,52,52,2024,Junio_2024,733,733,0,113136.0,113136.0,0.0,100.0,100.0,VALIDO,
Villavicencio,50,50,2024,Junio_2024,705,705,0,188622.0,188622.0,0.0,100.0,100.0,VALIDO,
Montería,23,23,2024,Junio_2024,493,493,0,138677.0,138677.0,0.0,100.0,100.0,VALIDO,
Cartagena,13,13,2024,Junio_2024,697,697,0,304778.0,304778.0,0.0,100.0,100.0,VALIDO,
Neiva,41,41,2024,Junio_2024,644,644,0,119872.0,119872.0,0.0,100.0,100.0,VALIDO,
Armenia,63,63,2024,Junio_2024,744,744,0,114598.0,114598.0,0.0,100.0,100.0,VALIDO,
Santa Marta,47,47,2024,Junio_2024,623,623,0,153381.0,153381.0,0.0,100.0,100.0,VALIDO,
Sincelejo,70,70,2024,Junio_2024,588,588,0,80616.0,80616.0,0.0,100.0,100.0,VALIDO,
Valledupar,20,20,2024,Junio_2024,547,547,0,152252.0,152252.0,0.0,100.0,100.0,VALIDO,
Popayán,19,19,2024,Junio_2024,666,666,0,108326.0,108326.0,0.0,100.0,100.0,VALIDO,
Tunja,15,15,2024,Junio_2024,652,652,0,63936.0,63936.0,0.0,100.0,100.0,VALIDO,
Riohacha,44,44,2024,Junio_2024,517,517,0,51063.0,51063.0,0.0,100.0,100.0,VALIDO,
Florencia,18,18,2024,Junio_2024,634,634,0,60031.0,60031.0,0.0,100.0,100.0,VALIDO,
Quibdó,27,27,2024,Junio_2024,683,683,0,38187.0,38187.0,0.0,100.0,100.0,VALIDO,
Bogotá D.C.,11,11,2024,Marzo 2024,807,807,0,3038538.0,3038538.0,0.0,100.0,100.0,VALIDO,
Medellín A.M.,05,05,2024,Marzo 2024,994,994,0,1509445.0,1509445.0,0.0,100.0,100.0,VALIDO,
Cali A.M.,76,76,2024,Marzo 2024,879,879,0,810954.0,810954.0,0.0,100.0,100.0,VALIDO,
Barranquilla A.M.,08,08,2024,Marzo 2024,653,653,0,578604.0,578604.0,0.0,100.0,100.0,VALIDO,
Bucaramanga A.M.,68,68,2024,Marzo 2024,745,745,0,426326.0,426326.0,0.0,100.0,100.0,VALIDO,
Manizales A.M.,17,17,2024,Marzo 2024,940,940,0,182228.0,182228.0,0.0,100.0,100.0,VALIDO,
Pereira A.M.,66,66,2024,Marzo 2024,958,958,0,241971.0,241971.0,0.0,100.0,100.0,VALIDO,
Cúcuta A.M.,54,54,2024,Marzo 2024,738,738,0,315462.0,315462.0,0.0,100.0,100.0,VALIDO,
Ibagué,73,73,2024,Marzo 2024,594,594,0,193304.0,193304.0,0.0,100.0,100.0,VALIDO,
Pasto,52,52,2024,Marzo 2024,773,773,0,112604.0,112604.0,0.0,100.0,100.0,VALIDO,
Villavicencio,50,50,2024,Marzo 2024,659,659,0,187616.0,187616.0,0.0,100.0,100.0,VALIDO,
Montería,23,23,2024,Marzo 2024,520,520,0,137969.0,137969.0,0.0,100.0,100.0,VALIDO,
Cartagena,13,13,2024,Marzo 2024,719,719,0,302921.0,302921.0,0.0,100.0,100.0,VALIDO,
Neiva,41,41,2024,Marzo 2024,665,665,0,119354.0,119354.0,0.0,100.0,100.0,VALIDO,
Armenia,63,63,2024,Marzo 2024,745,745,0,113921.0,113921.0,0.0,100.0,100.0,VALIDO,
Santa Marta,47,47,2024,Marzo 2024,664,664,0,152470.0,152470.0,0.0,100.0,100.0,VALIDO,
Sincelejo,70,70,2024,Marzo 2024,569,569,0,80205.0,80205.0,0.0,100.0,100.0,VALIDO,
Valledupar,20,20,2024,Marzo 2024,586,586,0,151124.0,151124.0,0.0,100.0,100.0,VALIDO,
Popayán,19,19,2024,Marzo 2024,698,698,0,107759.0,107759.0,0.0,100.0,100.0,VALIDO,
Tunja,15,15,2024,Marzo 2024,640,640,0,63570.0,63570.0,0.0,100.0,100.0,VALIDO,
Riohacha,44,44,2024,Marzo 2024,556,556,0,50553.0,50553.0,0.0,100.0,100.0,VALIDO,
Florencia,18,18,2024,Marzo 2024,683,683,0,59509.0,59509.0,0.0,100.0,100.0,VALIDO,
Quibdó,27,27,2024,Marzo 2024,680,680,0,37991.0,37991.0,0.0,100.0,100.0,VALIDO,
Bogotá D.C.,11,11,2024,Mayo_2024 1,812,812,0,3052007.0,3052007.0,0.0,100.0,100.0,VALIDO,
Medellín A.M.,05,05,2024,Mayo_2024 1,1017,1017,0,1517977.0,1517977.0,0.0,100.0,100.0,VALIDO,
Cali A.M.,76,76,2024,Mayo_2024 1,888,888,0,813879.0,813879.0,0.0,100.0,100.0,VALIDO,
Barranquilla A.M.,08,08,2024,Mayo_2024 1,662,662,0,581324.0,581324.0,0.0,100.0,100.0,VALIDO,
Bucaramanga A.M.,68,68,2024,Mayo_2024 1,737,737,0,428159.0,428159.0,0.0,100.0,100.0,VALIDO,
Manizales A.M.,17,17,2024,Mayo_2024 1,980,980,0,183030.0,183030.0,0.0,100.0,100.0,VALIDO,
Pereira A.M.,66,66,2024,Mayo_2024 1,960,960,0,242934.0,242934.0,0.0,100.0,100.0,VALIDO,
Cúcuta A.M.,54,54,2024,Mayo_2024 1,722,722,0,316552.0,316552.0,0.0,100.0,100.0,VALIDO,
Ibagué,73,73,2024,Mayo_2024 1,579,579,0,193931.0,193931.0,0.0,100.0,100.0,VALIDO,
Pasto,52,52,2024,Mayo_2024 1,759,759,0,112960.0,112960.0,0.0,100.0,100.0,VALIDO,
Villavicencio,50,50,2024,Mayo_2024 1,681,681,0,188290.0,188290.0,0.0,100.0,100.0,VALIDO,
Montería,23,23,2024,Mayo_2024 1,504,504,0,138442.0,138442.0,0.0,100.0,100.0,VALIDO,
Cartagena,13,13,2024,Mayo_2024 1,737,737,0,304164.0,304164.0,0.0,100.0,100.0,VALIDO,
Neiva,41,41,2024,Mayo_2024 1,621,621,0,119701.0,119701.0,0.0,100.0,100.0,VALIDO,
Armenia,63,63,2024,Mayo_2024 1,725,725,0,114374.0,114374.0,0.0,100.0,100.0,VALIDO,
Santa Marta,47,47,2024,Mayo_2024 1,629,629,0,153079.0,153079.0,0.0,100.0,100.0,VALIDO,
Sincelejo,70,70,2024,Mayo_2024 1,565,565,0,80480.0,80480.0,0.0,100.0,100.0,VALIDO,
Valledupar,20,20,2024,Mayo_2024 1,568,568,0,151880.0,151880.0,0.0,100.0,100.0,VALIDO,
Popayán,19,19,2024,Mayo_2024 1,690,690,0,108138.0,108138.0,0.0,100.0,100.0,VALIDO,
Tunja,15,15,2024,Mayo_2024 1,682,682,0,63815.0,63815.0,0.0,100.0,100.0,VALIDO,
Riohacha,44,44,2024,Mayo_2024 1,548,548,0,50896.0,50896.0,0.0,100.0,100.0,VALIDO,
Florencia,18,18,2024,Mayo_2024 1,681,681,0,59860.0,59860.0,0.0,100.0,100.0,VALIDO,
Quibdó,27,27,2024,Mayo_2024 1,708,708,0,38122.0,38122.0,0.0,100.0,100.0,VALIDO,
Bogotá D.C.,11,11,2024,Noviembre_ 2024,827,827,0,3091225.0,3091225.0,0.0,100.0,100.0,VALIDO,
Medellín A.M.,05,05,2024,Noviembre_ 2024,961,961,0,1543895.0,1543895.0,0.0,100.0,100.0,VALIDO,
Cali A.M.,76,76,2024,Noviembre_ 2024,869,869,0,823189.0,823189.0,0.0,100.0,100.0,VALIDO,
Barranquilla A.M.,08,08,2024,Noviembre_ 2024,626,626,0,593780.85,593780.85,0.0,100.0,100.0,VALIDO,
Bucaramanga A.M.,68,68,2024,Noviembre_ 2024,700,700,0,433436.0,433436.0,0.0,100.0,100.0,VALIDO,
Manizales A.M.,17,17,2024,Noviembre_ 2024,926,926,0,185381.0,185381.0,0.0,100.0,100.0,VALIDO,
Pereira A.M.,66,66,2024,Noviembre_ 2024,956,956,0,245866.0,245866.0,0.0,100.0,100.0,VALIDO,
Cúcuta A.M.,54,54,2024,Noviembre_ 2024,675,675,0,319765.0,319765.0,0.0,100.0,100.0,VALIDO,
Ibagué,73,73,2024,Noviembre_ 2024,529,529,0,195840.0,195840.0,0.0,100.0,100.0,VALIDO,
Pasto,52,52,2024,Noviembre_ 2024,712,712,0,114142.0,114142.0,0.0,100.0,100.0,VALIDO,
Villavicencio,50,50,2024,Noviembre_ 2024,665,665,0,190306.0,190306.0,0.0,100.0,100.0,VALIDO,
Montería,23,23,2024,Noviembre_ 2024,485,485,0,140041.0,140041.0,0.0,100.0,100.0,VALIDO,
Cartagena,13,13,2024,Noviembre_ 2024,705,705,0,307904.0,307904.0,0.0,100.0,100.0,VALIDO,
Neiva,41,41,2024,Noviembre_ 2024,616,616,0,120934.0,120934.0,0.0,100.0,100.0,VALIDO,
Armenia,63,63,2024,Noviembre_ 2024,713,713,0,115726.0,115726.0,0.0,100.0,100.0,VALIDO,
Santa Marta,47,47,2024,Noviembre_ 2024,619,619,0,154957.0,154957.0,0.0,100.0,100.0,VALIDO,
Sincelejo,70,70,2024,Noviembre_ 2024,556,556,0,81387.0,81387.0,0.0,100.0,100.0,VALIDO,
Valledupar,20,20,2024,Noviembre_ 2024,531,531,0,154148.0,154148.0,0.0,100.0,100.0,VALIDO,
Popayán,19,19,2024,Noviembre_ 2024,661,661,0,109257.0,109257.0,0.0,100.0,100.0,VALIDO,
Tunja,15,15,2024,Noviembre_ 2024,632,632,0,64627.0,64627.0,0.0,100.0,100.0,VALIDO,
Riohacha,44,44,2024,Noviembre_ 2024,509,509,0,51907.0,51907.0,0.0,100.0,100.0,VALIDO,
Florencia,18,18,2024,Noviembre_ 2024,635,635,0,60838.0,60838.0,0.0,100.0,100.0,VALIDO,
Quibdó,27,27,2024,Noviembre_ 2024,651,651,0,38488.0,38488.0,0.0,100.0,100.0,VALIDO,
Bogotá D.C.,11,11,2024,Octubre_2024,819,819,0,3084618.0,3084618.0,0.0,100.0,100.0,VALIDO,
Medellín A.M.,05,05,2024,Octubre_2024,975,975,0,1539417.0,1539417.0,0.0,100.0,100.0,VALIDO,
Cali A.M.,76,76,2024,Octubre_2024,855,855,0,821582.0,821582.0,0.0,100.0,100.0,VALIDO,
Barranquilla A.M.,08,08,2024,Octubre_2024,641,641,0,587638.0,587638.0,0.0,100.0,100.0,VALIDO,
Bucaramanga A.M.,68,68,2024,Octubre_2024,735,735,0,432552.0,432552.0,0.0,100.0,100.0,VALIDO,
Manizales A.M.,17,17,2024,Octubre_2024,946,946,0,184986.0,184986.0,0.0,100.0,100.0,VALIDO,
Pereira A.M.,66,66,2024,Octubre_2024,962,962,0,245365.0,245365.0,0.0,100.0,100.0,VALIDO,
Cúcuta A.M.,54,54,2024,Octubre_2024,687,687,0,319226.0,319226.0,0.0,100.0,100.0,VALIDO,
Ibagué,73,73,2024,Octubre_2024,554,554,0,195516.0,195516.0,0.0,100.0,100.0,VALIDO,
Pasto,52,52,2024,Octubre_2024,723,723,0,113936.0,113936.0,0.0,100.0,100.0,VALIDO,
Villavicencio,50,50,2024,Octubre_2024,684,684,0,189965.0,189965.0,0.0,100.0,100.0,VALIDO,
Montería,23,23,2024,Octubre_2024,475,475,0,139760.0,139760.0,0.0,100.0,100.0,VALIDO,
Cartagena,13,13,2024,Octubre_2024,699,699,0,307267.0,307267.0,0.0,100.0,100.0,VALIDO,
Neiva,41,41,2024,Octubre_2024,632,632,0,120715.0,120715.0,0.0,100.0,100.0,VALIDO,
Armenia,63,63,2024,Octubre_2024,749,749,0,115497.0,115497.0,0.0,100.0,100.0,VALIDO,
Santa Marta,47,47,2024,Octubre_2024,628,628,0,154635.0,154635.0,0.0,100.0,100.0,VALIDO,
Sincelejo,70,70,2024,Octubre_2024,570,570,0,81229.0,81229.0,0.0,100.0,100.0,VALIDO,
Valledupar,20,20,2024,Octubre_2024,556,556,0,153760.0,153760.0,0.0,100.0,100.0,VALIDO,
Popayán,19,19,2024,Octubre_2024,668,668,0,109069.0,109069.0,0.0,100.0,100.0,VALIDO,
Tunja,15,15,2024,Octubre_2024,637,637,0,64485.0,64485.0,0.0,100.0,100.0,VALIDO,
Riohacha,44,44,2024,Octubre_2024,517,517,0,51732.0,51732.0,0.0,100.0,100.0,VALIDO,
Florencia,18,18,2024,Octubre_2024,660,660,0,60674.0,60674.0,0.0,100.0,100.0,VALIDO,
Quibdó,27,27,2024,Octubre_2024,668,668,0,38428.0,38428.0,0.0,100.0,100.0,VALIDO,
Bogotá D.C.,11,11,2024,Septiembre_2024,812,812,0,3078056.0,3078056.0,0.0,100.0,100.0,VALIDO,
Medellín A.M.,05,05,2024,Septiembre_2024,978,978,0,1534986.0,1534986.0,0.0,100.0,100.0,VALIDO,
Cali A.M.,76,76,2024,Septiembre_2024,852,852,0,819983.0,819983.0,0.0,100.0,100.0,VALIDO,
Barranquilla A.M.,08,08,2024,Septiembre_2024,642,642,0,586391.0,586391.0,0.0,100.0,100.0,VALIDO,
Bucaramanga A.M.,68,68,2024,Septiembre_2024,735,735,0,431674.0,431674.0,0.0,100.0,100.0,VALIDO,
Manizales A.M.,17,17,2024,Septiembre_2024,947,947,0,184592.0,184592.0,0.0,100.0,100.0,VALIDO,
Pereira A.M.,66,66,2024,Septiembre_2024,957,957,0,244870.0,244870.0,0.0,100.0,100.0,VALIDO,
Cúcuta A.M.,54,54,2024,Septiembre_2024,691,691,0,318686.0,318686.0,0.0,100.0,100.0,VALIDO,
Ibagué,73,73,2024,Septiembre_2024,559,559,0,195194.0,195194.0,0.0,100.0,100.0,VALIDO,
Pasto,52,52,2024,Septiembre_2024,723,723,0,113731.0,113731.0,0.0,100.0,100.0,VALIDO,
Villavicencio,50,50,2024,Septiembre_2024,680,680,0,189625.0,189625.0,0.0,100.0,100.0,VALIDO,
Montería,23,23,2024,Septiembre_2024,485,485,0,139480.0,139480.0,0.0,100.0,100.0,VALIDO,
Cartagena,13,13,2024,Septiembre_2024,721,721,0,306636.0,306636.0,0.0,100.0,100.0,VALIDO,
Neiva,41,41,2024,Septiembre_2024,647,647,0,120496.0,120496.0,0.0,100.0,100.0,VALIDO,
Armenia,63,63,2024,Septiembre_2024,719,719,0,115270.0,115270.0,0.0,100.0,100.0,VALIDO,
Santa Marta,47,47,2024,Septiembre_2024,635,635,0,154316.0,154316.0,0.0,100.0,100.0,VALIDO,
Sincelejo,70,70,2024,Septiembre_2024,578,578,0,81071.0,81071.0,0.0,100.0,100.0,VALIDO,
Valledupar,20,20,2024,Septiembre_2024,565,565,0,153375.0,153375.0,0.0,100.0,100.0,VALIDO,
Popayán,19,19,2024,Septiembre_2024,693,693,0,108882.0,108882.0,0.0,100.0,100.0,VALIDO,
Tunja,15,15,2024,Septiembre_2024,645,645,0,64344.0,64344.0,0.0,100.0,100.0,VALIDO,
Riohacha,44,44,2024,Septiembre_2024,531,531,0,51560.0,51560.0,0.0,100.0,100.0,VALIDO,
Florencia,18,18,2024,Septiembre_2024,664,664,0,60511.0,60511.0,0.0,100.0,100.0,VALIDO,
Quibdó,27,27,2024,Septiembre_2024,677,677,0,38368.0,38368.0,0.0,100.0,100.0,VALIDO,
Bogotá D.C.,11,11,2025,Abril 2025,805,805,0,3124365.0,3124365.0,0.0,100.0,100.0,VALIDO,
Medellín A.M.,05,05,2025,Abril 2025,999,999,0,1566389.0,1566389.0,0.0,100.0,100.0,VALIDO,
Cali A.M.,76,76,2025,Abril 2025,806,806,0,831251.0,831251.0,0.0,100.0,100.0,VALIDO,
Barranquilla A.M.,08,08,2025,Abril 2025,658,658,0,595194.0,595194.0,0.0,100.0,100.0,VALIDO,
Bucaramanga A.M.,68,68,2025,Abril 2025,727,727,0,437865.0,437865.0,0.0,100.0,100.0,VALIDO,
Manizales A.M.,17,17,2025,Abril 2025,973,973,0,187369.0,187369.0,0.0,100.0,100.0,VALIDO,
Pereira A.M.,66,66,2025,Abril 2025,876,876,0,248370.0,248370.0,0.0,100.0,100.0,VALIDO,
Cúcuta A.M.,54,54,2025,Abril 2025,660,660,0,322472.0,322472.0,0.0,100.0,100.0,VALIDO,
Ibagué,73,73,2025,Abril 2025,552,552,0,197461.0,197461.0,0.0,100.0,100.0,VALIDO,
Pasto,52,52,2025,Abril 2025,730,730,0,115176.0,115176.0,0.0,100.0,100.0,VALIDO,
Villavicencio,50,50,2025,Abril 2025,704,704,0,192016.0,192016.0,0.0,100.0,100.0,VALIDO,
Montería,23,23,2025,Abril 2025,479,479,0,141448.0,141448.0,0.0,100.0,100.0,VALIDO,
Cartagena,13,13,2025,Abril 2025,743,743,0,311091.0,311091.0,0.0,100.0,100.0,VALIDO,
Neiva,41,41,2025,Abril 2025,643,643,0,122032.0,122032.0,0.0,100.0,100.0,VALIDO,
Armenia,63,63,2025,Abril 2025,765,765,0,116875.0,116875.0,0.0,100.0,100.0,VALIDO,
Santa Marta,47,47,2025,Abril 2025,642,642,0,156569.0,156569.0,0.0,100.0,100.0,VALIDO,
Sincelejo,70,70,2025,Abril 2025,557,557,0,82182.0,82182.0,0.0,100.0,100.0,VALIDO,
Valledupar,20,20,2025,Abril 2025,551,551,0,156096.0,156096.0,0.0,100.0,100.0,VALIDO,
Popayán,19,19,2025,Abril 2025,655,655,0,110198.0,110198.0,0.0,100.0,100.0,VALIDO,
Tunja,15,15,2025,Abril 2025,674,674,0,65340.0,65340.0,0.0,100.0,100.0,VALIDO,
Riohacha,44,44,2025,Abril 2025,551,551,0,52785.0,52785.0,0.0,100.0,100.0,VALIDO,
Florencia,18,18,2025,Abril 2025,668,668,0,61662.0,61662.0,0.0,100.0,100.0,VALIDO,
Quibdó,27,27,2025,Abril 2025,694,694,0,38791.0,38791.0,0.0,100.0,100.0,VALIDO,
Bogotá D.C.,11,11,2025,Agosto 2025,811,811,0,3150319.0,3150319.0,0.0,100.0,100.0,VALIDO,
Medellín A.M.,05,05,2025,Agosto 2025,980,980,0,1583600.0,1583600.0,0.0,100.0,100.0,VALIDO,
Cali A.M.,76,76,2025,Agosto 2025,852,852,0,837628.0,837628.0,0.0,100.0,100.0,VALIDO,
Barranquilla A.M.,08,08,2025,Agosto 2025,638,638,0,600105.0,600105.0,0.0,100.0,100.0,VALIDO,
Bucaramanga A.M.,68,68,2025,Agosto 2025,739,739,0,441330.0,441330.0,0.0,100.0,100.0,VALIDO,
Manizales A.M.,17,17,2025,Agosto 2025,972,972,0,188910.0,188910.0,0.0,100.0,100.0,VALIDO,
Pereira A.M.,66,66,2025,Agosto 2025,967,967,0,250311.0,250311.0,0.0,100.0,100.0,VALIDO,
Cúcuta A.M.,54,54,2025,Agosto 2025,682,682,0,324598.0,324598.0,0.0,100.0,100.0,VALIDO,
Ibagué,73,73,2025,Agosto 2025,595,595,0,198733.0,198733.0,0.0,100.0,100.0,VALIDO,
Pasto,52,52,2025,Agosto 2025,752,752,0,115995.0,115995.0,0.0,100.0,100.0,VALIDO,
Villavicencio,50,50,2025,Agosto 2025,701,701,0,193358.0,193358.0,0.0,100.0,100.0,VALIDO,
Montería,23,23,2025,Agosto 2025,513,513,0,142552.0,142552.0,0.0,100.0,100.0,VALIDO,
Cartagena,13,13,2025,Agosto 2025,740,740,0,313592.0,313592.0,0.0,100.0,100.0,VALIDO,
Neiva,41,41,2025,Agosto 2025,649,649,0,122894.0,122894.0,0.0,100.0,100.0,VALIDO,
Armenia,63,63,2025,Agosto 2025,775,775,0,117763.0,117763.0,0.0,100.0,100.0,VALIDO,
Santa Marta,47,47,2025,Agosto 2025,676,676,0,157840.0,157840.0,0.0,100.0,100.0,VALIDO,
Sincelejo,70,70,2025,Agosto 2025,580,580,0,82802.0,82802.0,0.0,100.0,100.0,VALIDO,
Valledupar,20,20,2025,Agosto 2025,583,583,0,157607.0,157607.0,0.0,100.0,100.0,VALIDO,
Popayán,19,19,2025,Agosto 2025,689,689,0,110936.0,110936.0,0.0,100.0,100.0,VALIDO,
Tunja,15,15,2025,Agosto 2025,672,672,0,65896.0,65896.0,0.0,100.0,100.0,VALIDO,
Riohacha,44,44,2025,Agosto 2025,540,540,0,53456.0,53456.0,0.0,100.0,100.0,VALIDO,
Florencia,18,18,2025,Agosto 2025,689,689,0,62299.0,62299.0,0.0,100.0,100.0,VALIDO,
Quibdó,27,27,2025,Agosto 2025,684,684,0,39031.0,39031.0,0.0,100.0,100.0,VALIDO,
Bogotá D.C.,11,11,2025,Diciembre 2025,807,807,0,3176888.0,3176888.0,0.0,100.0,100.0,VALIDO,
Medellín A.M.,05,05,2025,Diciembre 2025,985,985,0,1601102.0,1601102.0,0.0,100.0,100.0,VALIDO,
Cali A.M.,76,76,2025,Diciembre 2025,820,820,0,844210.0,844210.0,0.0,100.0,100.0,VALIDO,
Barranquilla A.M.,08,08,2025,Diciembre 2025,673,673,0,605089.0,605089.0,0.0,100.0,100.0,VALIDO,
Bucaramanga A.M.,68,68,2025,Diciembre 2025,719,719,0,444842.0,444842.0,0.0,100.0,100.0,VALIDO,
Manizales A.M.,17,17,2025,Diciembre 2025,955,955,0,190454.0,190454.0,0.0,100.0,100.0,VALIDO,
Pereira A.M.,66,66,2025,Diciembre 2025,943,943,0,252244.0,252244.0,0.0,100.0,100.0,VALIDO,
Cúcuta A.M.,54,54,2025,Diciembre 2025,665,665,0,326743.0,326743.0,0.0,100.0,100.0,VALIDO,
Ibagué,73,73,2025,Diciembre 2025,519,519,0,200012.0,200012.0,0.0,100.0,100.0,VALIDO,
Pasto,52,52,2025,Diciembre 2025,721,721,0,116837.0,116837.0,0.0,100.0,100.0,VALIDO,
Villavicencio,50,50,2025,Diciembre 2025,690,690,0,194717.0,194717.0,0.0,100.0,100.0,VALIDO,
Montería,23,23,2025,Diciembre 2025,457,457,0,143676.0,143676.0,0.0,100.0,100.0,VALIDO,
Cartagena,13,13,2025,Diciembre 2025,714,714,0,316150.0,316150.0,0.0,100.0,100.0,VALIDO,
Neiva,41,41,2025,Diciembre 2025,631,631,0,123767.0,123767.0,0.0,100.0,100.0,VALIDO,
Armenia,63,63,2025,Diciembre 2025,772,772,0,118649.0,118649.0,0.0,100.0,100.0,VALIDO,
Santa Marta,47,47,2025,Diciembre 2025,652,652,0,159151.0,159151.0,0.0,100.0,100.0,VALIDO,
Sincelejo,70,70,2025,Diciembre 2025,594,594,0,83426.0,83426.0,0.0,100.0,100.0,VALIDO,
Valledupar,20,20,2025,Diciembre 2025,595,595,0,159157.0,159157.0,0.0,100.0,100.0,VALIDO,
Popayán,19,19,2025,Diciembre 2025,641,641,0,111678.0,111678.0,0.0,100.0,100.0,VALIDO,
Tunja,15,15,2025,Diciembre 2025,626,626,0,66459.0,66459.0,0.0,100.0,100.0,VALIDO,
Riohacha,44,44,2025,Diciembre 2025,533,533,0,54153.0,54153.0,0.0,100.0,100.0,VALIDO,
Florencia,18,18,2025,Diciembre 2025,671,671,0,62958.0,62958.0,0.0,100.0,100.0,VALIDO,
Quibdó,27,27,2025,Diciembre 2025,681,681,0,39277.0,39277.0,0.0,100.0,100.0,VALIDO,
Bogotá D.C.,11,11,2025,Enero 2025,797,797,0,3104505.0,3104505.0,0.0,100.0,100.0,VALIDO,
Medellín A.M.,05,05,2025,Enero 2025,990,990,0,1552918.0,1552918.0,0.0,100.0,100.0,VALIDO,
Cali A.M.,76,76,2025,Enero 2025,846,846,0,826419.0,826419.0,0.0,100.0,100.0,VALIDO,
Barranquilla A.M.,08,08,2025,Enero 2025,629,629,0,591419.0,591419.0,0.0,100.0,100.0,VALIDO,
Bucaramanga A.M.,68,68,2025,Enero 2025,728,728,0,435209.0,435209.0,0.0,100.0,100.0,VALIDO,
Manizales A.M.,17,17,2025,Enero 2025,970,970,0,186179.0,186179.0,0.0,100.0,100.0,VALIDO,
Pereira A.M.,66,66,2025,Enero 2025,934,934,0,246869.0,246869.0,0.0,100.0,100.0,VALIDO,
Cúcuta A.M.,54,54,2025,Enero 2025,663,663,0,320850.0,320850.0,0.0,100.0,100.0,VALIDO,
Ibagué,73,73,2025,Enero 2025,539,539,0,196488.0,196488.0,0.0,100.0,100.0,VALIDO,
Pasto,52,52,2025,Enero 2025,736,736,0,114556.0,114556.0,0.0,100.0,100.0,VALIDO,
Villavicencio,50,50,2025,Enero 2025,696,696,0,190991.0,190991.0,0.0,100.0,100.0,VALIDO,
Montería,23,23,2025,Enero 2025,495,495,0,140605.0,140605.0,0.0,100.0,100.0,VALIDO,
Cartagena,13,13,2025,Enero 2025,728,728,0,309181.0,309181.0,0.0,100.0,100.0,VALIDO,
Neiva,41,41,2025,Enero 2025,643,643,0,121373.0,121373.0,0.0,100.0,100.0,VALIDO,
Armenia,63,63,2025,Enero 2025,773,773,0,116186.0,116186.0,0.0,100.0,100.0,VALIDO,
Santa Marta,47,47,2025,Enero 2025,628,628,0,155603.0,155603.0,0.0,100.0,100.0,VALIDO,
Sincelejo,70,70,2025,Enero 2025,582,582,0,81706.0,81706.0,0.0,100.0,100.0,VALIDO,
Valledupar,20,20,2025,Enero 2025,567,567,0,154929.0,154929.0,0.0,100.0,100.0,VALIDO,
Popayán,19,19,2025,Enero 2025,662,662,0,109633.0,109633.0,0.0,100.0,100.0,VALIDO,
Tunja,15,15,2025,Enero 2025,643,643,0,64913.0,64913.0,0.0,100.0,100.0,VALIDO,
Riohacha,44,44,2025,Enero 2025,515,515,0,52259.0,52259.0,0.0,100.0,100.0,VALIDO,
Florencia,18,18,2025,Enero 2025,652,652,0,61168.0,61168.0,0.0,100.0,100.0,VALIDO,
Quibdó,27,27,2025,Enero 2025,670,670,0,38609.0,38609.0,0.0,100.0,100.0,VALIDO,
Bogotá D.C.,11,11,2025,Febrero 2025,822,822,0,3111149.0,3111149.0,0.0,100.0,100.0,VALIDO,
Medellín A.M.,05,05,2025,Febrero 2025,937,937,0,1557430.0,1557430.0,0.0,100.0,100.0,VALIDO,
Cali A.M.,76,76,2025,Febrero 2025,829,829,0,828036.0,828036.0,0.0,100.0,100.0,VALIDO,
Barranquilla A.M.,08,08,2025,Febrero 2025,682,682,0,592681.0,592681.0,0.0,100.0,100.0,VALIDO,
Bucaramanga A.M.,68,68,2025,Febrero 2025,737,737,0,436098.0,436098.0,0.0,100.0,100.0,VALIDO,
Manizales A.M.,17,17,2025,Febrero 2025,951,951,0,186577.0,186577.0,0.0,100.0,100.0,VALIDO,
Pereira A.M.,66,66,2025,Febrero 2025,946,946,0,247371.0,247371.0,0.0,100.0,100.0,VALIDO,
Cúcuta A.M.,54,54,2025,Febrero 2025,679,679,0,321393.0,321393.0,0.0,100.0,100.0,VALIDO,
Ibagué,73,73,2025,Febrero 2025,569,569,0,196813.0,196813.0,0.0,100.0,100.0,VALIDO,
Pasto,52,52,2025,Febrero 2025,737,737,0,114763.0,114763.0,0.0,100.0,100.0,VALIDO,
Villavicencio,50,50,2025,Febrero 2025,719,719,0,191333.0,191333.0,0.0,100.0,100.0,VALIDO,
Montería,23,23,2025,Febrero 2025,469,469,0,140886.0,140886.0,0.0,100.0,100.0,VALIDO,
Cartagena,13,13,2025,Febrero 2025,736,736,0,309819.0,309819.0,0.0,100.0,100.0,VALIDO,
Neiva,41,41,2025,Febrero 2025,667,667,0,121594.0,121594.0,0.0,100.0,100.0,VALIDO,
Armenia,63,63,2025,Febrero 2025,784,784,0,116416.0,116416.0,0.0,100.0,100.0,VALIDO,
Santa Marta,47,47,2025,Febrero 2025,632,632,0,155926.0,155926.0,0.0,100.0,100.0,VALIDO,
Sincelejo,70,70,2025,Febrero 2025,580,580,0,81865.0,81865.0,0.0,100.0,100.0,VALIDO,
Valledupar,20,20,2025,Febrero 2025,557,557,0,155320.0,155320.0,0.0,100.0,100.0,VALIDO,
Popayán,19,19,2025,Febrero 2025,660,660,0,109823.0,109823.0,0.0,100.0,100.0,VALIDO,
Tunja,15,15,2025,Febrero 2025,671,671,0,65055.0,65055.0,0.0,100.0,100.0,VALIDO,
Riohacha,44,44,2025,Febrero 2025,521,521,0,52436.0,52436.0,0.0,100.0,100.0,VALIDO,
Florencia,18,18,2025,Febrero 2025,646,646,0,61333.0,61333.0,0.0,100.0,100.0,VALIDO,
Quibdó,27,27,2025,Febrero 2025,694,694,0,38669.0,38669.0,0.0,100.0,100.0,VALIDO,
Bogotá D.C.,11,11,2025,Julio 2025,808,808,0,3143819.0,3143819.0,0.0,100.0,100.0,VALIDO,
Medellín A.M.,05,05,2025,Julio 2025,982,982,0,1579366.0,1579366.0,0.0,100.0,100.0,VALIDO,
Cali A.M.,76,76,2025,Julio 2025,855,855,0,836013.0,836013.0,0.0,100.0,100.0,VALIDO,
Barranquilla A.M.,08,08,2025,Julio 2025,668,668,0,598885.0,598885.0,0.0,100.0,100.0,VALIDO,
Bucaramanga A.M.,68,68,2025,Julio 2025,752,752,0,440468.0,440468.0,0.0,100.0,100.0,VALIDO,
Manizales A.M.,17,17,2025,Julio 2025,970,970,0,188531.0,188531.0,0.0,100.0,100.0,VALIDO,
Pereira A.M.,66,66,2025,Julio 2025,950,950,0,249836.0,249836.0,0.0,100.0,100.0,VALIDO,
Cúcuta A.M.,54,54,2025,Julio 2025,680,680,0,324069.0,324069.0,0.0,100.0,100.0,VALIDO,
Ibagué,73,73,2025,Julio 2025,582,582,0,198417.0,198417.0,0.0,100.0,100.0,VALIDO,
Pasto,52,52,2025,Julio 2025,747,747,0,115788.0,115788.0,0.0,100.0,100.0,VALIDO,
Villavicencio,50,50,2025,Julio 2025,683,683,0,193024.0,193024.0,0.0,100.0,100.0,VALIDO,
Montería,23,23,2025,Julio 2025,483,483,0,142276.0,142276.0,0.0,100.0,100.0,VALIDO,
Cartagena,13,13,2025,Julio 2025,762,762,0,312966.0,312966.0,0.0,100.0,100.0,VALIDO,
Neiva,41,41,2025,Julio 2025,641,641,0,122680.0,122680.0,0.0,100.0,100.0,VALIDO,
Armenia,63,63,2025,Julio 2025,777,777,0,117546.0,117546.0,0.0,100.0,100.0,VALIDO,
Santa Marta,47,47,2025,Julio 2025,639,639,0,157519.0,157519.0,0.0,100.0,100.0,VALIDO,
Sincelejo,70,70,2025,Julio 2025,572,572,0,82648.0,82648.0,0.0,100.0,100.0,VALIDO,
Valledupar,20,20,2025,Julio 2025,546,546,0,157231.0,157231.0,0.0,100.0,100.0,VALIDO,
Popayán,19,19,2025,Julio 2025,692,692,0,110753.0,110753.0,0.0,100.0,100.0,VALIDO,
Tunja,15,15,2025,Julio 2025,662,662,0,65758.0,65758.0,0.0,100.0,100.0,VALIDO,
Riohacha,44,44,2025,Julio 2025,562,562,0,53289.0,53289.0,0.0,100.0,100.0,VALIDO,
Florencia,18,18,2025,Julio 2025,669,669,0,62140.0,62140.0,0.0,100.0,100.0,VALIDO,
Quibdó,27,27,2025,Julio 2025,693,693,0,38970.0,38970.0,0.0,100.0,100.0,VALIDO,
Bogotá D.C.,11,11,2025,Junio 2025,796,796,0,3137387.0,3137387.0,0.0,100.0,100.0,VALIDO,
Medellín A.M.,05,05,2025,Junio 2025,976,976,0,1575138.0,1575138.0,0.0,100.0,100.0,VALIDO,
Cali A.M.,76,76,2025,Junio 2025,887,887,0,834427.0,834427.0,0.0,100.0,100.0,VALIDO,
Barranquilla A.M.,08,08,2025,Junio 2025,661,661,0,597669.0,597669.0,0.0,100.0,100.0,VALIDO,
Bucaramanga A.M.,68,68,2025,Junio 2025,736,736,0,439610.0,439610.0,0.0,100.0,100.0,VALIDO,
Manizales A.M.,17,17,2025,Junio 2025,1007,1007,0,188151.0,188151.0,0.0,100.0,100.0,VALIDO,
Pereira A.M.,66,66,2025,Junio 2025,901,901,0,249356.0,249356.0,0.0,100.0,100.0,VALIDO,
Cúcuta A.M.,54,54,2025,Junio 2025,674,674,0,323543.0,323543.0,0.0,100.0,100.0,VALIDO,
Ibagué,73,73,2025,Junio 2025,565,565,0,198101.0,198101.0,0.0,100.0,100.0,VALIDO,
Pasto,52,52,2025,Junio 2025,743,743,0,115584.0,115584.0,0.0,100.0,100.0,VALIDO,
Villavicencio,50,50,2025,Junio 2025,702,702,0,192691.0,192691.0,0.0,100.0,100.0,VALIDO,
Montería,23,23,2025,Junio 2025,518,518,0,142003.0,142003.0,0.0,100.0,100.0,VALIDO,
Cartagena,13,13,2025,Junio 2025,741,741,0,312345.0,312345.0,0.0,100.0,100.0,VALIDO,
Neiva,41,41,2025,Junio 2025,646,646,0,122466.0,122466.0,0.0,100.0,100.0,VALIDO,
Armenia,63,63,2025,Junio 2025,773,773,0,117327.0,117327.0,0.0,100.0,100.0,VALIDO,
Santa Marta,47,47,2025,Junio 2025,660,660,0,157203.0,157203.0,0.0,100.0,100.0,VALIDO,
Sincelejo,70,70,2025,Junio 2025,563,563,0,82495.0,82495.0,0.0,100.0,100.0,VALIDO,
Valledupar,20,20,2025,Junio 2025,563,563,0,156857.0,156857.0,0.0,100.0,100.0,VALIDO,
Popayán,19,19,2025,Junio 2025,673,673,0,110570.0,110570.0,0.0,100.0,100.0,VALIDO,
Tunja,15,15,2025,Junio 2025,640,640,0,65620.0,65620.0,0.0,100.0,100.0,VALIDO,
Riohacha,44,44,2025,Junio 2025,533,533,0,53124.0,53124.0,0.0,100.0,100.0,VALIDO,
Florencia,18,18,2025,Junio 2025,629,629,0,61982.0,61982.0,0.0,100.0,100.0,VALIDO,
Quibdó,27,27,2025,Junio 2025,677,677,0,38910.0,38910.0,0.0,100.0,100.0,VALIDO,
Bogotá D.C.,11,11,2025,Marzo 2025,793,793,0,3117773.0,3117773.0,0.0,100.0,100.0,VALIDO,
Medellín A.M.,05,05,2025,Marzo 2025,991,991,0,1561931.0,1561931.0,0.0,100.0,100.0,VALIDO,
Cali A.M.,76,76,2025,Marzo 2025,835,835,0,829647.0,829647.0,0.0,100.0,100.0,VALIDO,
Barranquilla A.M.,08,08,2025,Marzo 2025,660,660,0,593942.0,593942.0,0.0,100.0,100.0,VALIDO,
Bucaramanga A.M.,68,68,2025,Marzo 2025,732,732,0,436984.0,436984.0,0.0,100.0,100.0,VALIDO,
Manizales A.M.,17,17,2025,Marzo 2025,952,952,0,186973.0,186973.0,0.0,100.0,100.0,VALIDO,
Pereira A.M.,66,66,2025,Marzo 2025,875,875,0,247873.0,247873.0,0.0,100.0,100.0,VALIDO,
Cúcuta A.M.,54,54,2025,Marzo 2025,687,687,0,321933.0,321933.0,0.0,100.0,100.0,VALIDO,
Ibagué,73,73,2025,Marzo 2025,562,562,0,197137.0,197137.0,0.0,100.0,100.0,VALIDO,
Pasto,52,52,2025,Marzo 2025,747,747,0,114970.0,114970.0,0.0,100.0,100.0,VALIDO,
Villavicencio,50,50,2025,Marzo 2025,709,709,0,191676.0,191676.0,0.0,100.0,100.0,VALIDO,
Montería,23,23,2025,Marzo 2025,493,493,0,141168.0,141168.0,0.0,100.0,100.0,VALIDO,
Cartagena,13,13,2025,Marzo 2025,719,719,0,310457.0,310457.0,0.0,100.0,100.0,VALIDO,
Neiva,41,41,2025,Marzo 2025,673,673,0,121814.0,121814.0,0.0,100.0,100.0,VALIDO,
Armenia,63,63,2025,Marzo 2025,751,751,0,116645.0,116645.0,0.0,100.0,100.0,VALIDO,
Santa Marta,47,47,2025,Marzo 2025,656,656,0,156248.0,156248.0,0.0,100.0,100.0,VALIDO,
Sincelejo,70,70,2025,Marzo 2025,567,567,0,82024.0,82024.0,0.0,100.0,100.0,VALIDO,
Valledupar,20,20,2025,Marzo 2025,552,552,0,155708.0,155708.0,0.0,100.0,100.0,VALIDO,
Popayán,19,19,2025,Marzo 2025,664,664,0,110010.0,110010.0,0.0,100.0,100.0,VALIDO,
Tunja,15,15,2025,Marzo 2025,660,660,0,65198.0,65198.0,0.0,100.0,100.0,VALIDO,
Riohacha,44,44,2025,Marzo 2025,521,521,0,52612.0,52612.0,0.0,100.0,100.0,VALIDO,
Florencia,18,18,2025,Marzo 2025,667,667,0,61498.0,61498.0,0.0,100.0,100.0,VALIDO,
Quibdó,27,27,2025,Marzo 2025,684,684,0,38731.0,38731.0,0.0,100.0,100.0,VALIDO,
Bogotá D.C.,11,11,2025,Mayo 2025,795,795,0,3130908.0,3130908.0,0.0,100.0,100.0,VALIDO,
Medellín A.M.,05,05,2025,Mayo 2025,979,979,0,1570796.0,1570796.0,0.0,100.0,100.0,VALIDO,
Cali A.M.,76,76,2025,Mayo 2025,831,831,0,832846.0,832846.0,0.0,100.0,100.0,VALIDO,
Barranquilla A.M.,08,08,2025,Mayo 2025,675,675,0,596437.0,596437.0,0.0,100.0,100.0,VALIDO,
Bucaramanga A.M.,68,68,2025,Mayo 2025,734,734,0,438741.0,438741.0,0.0,100.0,100.0,VALIDO,
Manizales A.M.,17,17,2025,Mayo 2025,1004,1004,0,187762.0,187762.0,0.0,100.0,100.0,VALIDO,
Pereira A.M.,66,66,2025,Mayo 2025,904,904,0,248865.0,248865.0,0.0,100.0,100.0,VALIDO,
Cúcuta A.M.,54,54,2025,Mayo 2025,712,712,0,323009.0,323009.0,0.0,100.0,100.0,VALIDO,
Ibagué,73,73,2025,Mayo 2025,571,571,0,197781.0,197781.0,0.0,100.0,100.0,VALIDO,
Pasto,52,52,2025,Mayo 2025,743,743,0,115381.0,115381.0,0.0,100.0,100.0,VALIDO,
Villavicencio,50,50,2025,Mayo 2025,700,700,0,192354.0,192354.0,0.0,100.0,100.0,VALIDO,
Montería,23,23,2025,Mayo 2025,514,514,0,141726.0,141726.0,0.0,100.0,100.0,VALIDO,
Cartagena,13,13,2025,Mayo 2025,770,770,0,311721.0,311721.0,0.0,100.0,100.0,VALIDO,
Neiva,41,41,2025,Mayo 2025,651,651,0,122250.0,122250.0,0.0,100.0,100.0,VALIDO,
Armenia,63,63,2025,Mayo 2025,775,775,0,117101.0,117101.0,0.0,100.0,100.0,VALIDO,
Santa Marta,47,47,2025,Mayo 2025,669,669,0,156888.0,156888.0,0.0,100.0,100.0,VALIDO,
Sincelejo,70,70,2025,Mayo 2025,583,583,0,82339.0,82339.0,0.0,100.0,100.0,VALIDO,
Valledupar,20,20,2025,Mayo 2025,529,529,0,156479.0,156479.0,0.0,100.0,100.0,VALIDO,
Popayán,19,19,2025,Mayo 2025,667,667,0,110385.0,110385.0,0.0,100.0,100.0,VALIDO,
Tunja,15,15,2025,Mayo 2025,680,680,0,65481.0,65481.0,0.0,100.0,100.0,VALIDO,
Riohacha,44,44,2025,Mayo 2025,560,560,0,52956.0,52956.0,0.0,100.0,100.0,VALIDO,
Florencia,18,18,2025,Mayo 2025,693,693,0,61823.0,61823.0,0.0,100.0,100.0,VALIDO,
Quibdó,27,27,2025,Mayo 2025,710,710,0,38850.0,38850.0,0.0,100.0,100.0,VALIDO,
Bogotá D.C.,11,11,2025,Noviembre 2025,849,849,0,3170190.0,3170190.0,0.0,100.0,100.0,VALIDO,
Medellín A.M.,05,05,2025,Noviembre 2025,1008,1008,0,1596672.0,1596672.0,0.0,100.0,100.0,VALIDO,
Cali A.M.,76,76,2025,Noviembre 2025,849,849,0,842552.0,842552.0,0.0,100.0,100.0,VALIDO,
Barranquilla A.M.,08,08,2025,Noviembre 2025,667,667,0,603832.0,603832.0,0.0,100.0,100.0,VALIDO,
Bucaramanga A.M.,68,68,2025,Noviembre 2025,790,790,0,443957.0,443957.0,0.0,100.0,100.0,VALIDO,
Manizales A.M.,17,17,2025,Noviembre 2025,942,942,0,190064.0,190064.0,0.0,100.0,100.0,VALIDO,
Pereira A.M.,66,66,2025,Noviembre 2025,974,974,0,251757.0,251757.0,0.0,100.0,100.0,VALIDO,
Cúcuta A.M.,54,54,2025,Noviembre 2025,722,722,0,326204.0,326204.0,0.0,100.0,100.0,VALIDO,
Ibagué,73,73,2025,Noviembre 2025,555,555,0,199690.0,199690.0,0.0,100.0,100.0,VALIDO,
Pasto,52,52,2025,Noviembre 2025,747,747,0,116625.0,116625.0,0.0,100.0,100.0,VALIDO,
Villavicencio,50,50,2025,Noviembre 2025,709,709,0,194375.0,194375.0,0.0,100.0,100.0,VALIDO,
Montería,23,23,2025,Noviembre 2025,484,484,0,143393.0,143393.0,0.0,100.0,100.0,VALIDO,
Cartagena,13,13,2025,Noviembre 2025,752,752,0,315505.0,315505.0,0.0,100.0,100.0,VALIDO,
Neiva,41,41,2025,Noviembre 2025,640,640,0,123547.0,123547.0,0.0,100.0,100.0,VALIDO,
Armenia,63,63,2025,Noviembre 2025,773,773,0,118426.0,118426.0,0.0,100.0,100.0,VALIDO,
Santa Marta,47,47,2025,Noviembre 2025,685,685,0,158821.0,158821.0,0.0,100.0,100.0,VALIDO,
Sincelejo,70,70,2025,Noviembre 2025,585,585,0,83268.0,83268.0,0.0,100.0,100.0,VALIDO,
Valledupar,20,20,2025,Noviembre 2025,587,587,0,158765.0,158765.0,0.0,100.0,100.0,VALIDO,
Popayán,19,19,2025,Noviembre 2025,675,675,0,111491.0,111491.0,0.0,100.0,100.0,VALIDO,
Tunja,15,15,2025,Noviembre 2025,662,662,0,66317.0,66317.0,0.0,100.0,100.0,VALIDO,
Riohacha,44,44,2025,Noviembre 2025,544,544,0,53976.0,53976.0,0.0,100.0,100.0,VALIDO,
Florencia,18,18,2025,Noviembre 2025,670,670,0,62791.0,62791.0,0.0,100.0,100.0,VALIDO,
Quibdó,27,27,2025,Noviembre 2025,694,694,0,39215.0,39215.0,0.0,100.0,100.0,VALIDO,
Bogotá D.C.,11,11,2025,Octubre 2025,811,811,0,3163519.0,3163519.0,0.0,100.0,100.0,VALIDO,
Medellín A.M.,05,05,2025,Octubre 2025,1005,1005,0,1592267.0,1592267.0,0.0,100.0,100.0,VALIDO,
Cali A.M.,76,76,2025,Octubre 2025,880,880,0,840900.0,840900.0,0.0,100.0,100.0,VALIDO,
Barranquilla A.M.,08,08,2025,Octubre 2025,642,642,0,602582.0,602582.0,0.0,100.0,100.0,VALIDO,
Bucaramanga A.M.,68,68,2025,Octubre 2025,758,758,0,443075.0,443075.0,0.0,100.0,100.0,VALIDO,
Manizales A.M.,17,17,2025,Octubre 2025,988,988,0,189677.0,189677.0,0.0,100.0,100.0,VALIDO,
Pereira A.M.,66,66,2025,Octubre 2025,968,968,0,251272.0,251272.0,0.0,100.0,100.0,VALIDO,
Cúcuta A.M.,54,54,2025,Octubre 2025,695,695,0,325666.0,325666.0,0.0,100.0,100.0,VALIDO,
Ibagué,73,73,2025,Octubre 2025,542,542,0,199370.0,199370.0,0.0,100.0,100.0,VALIDO,
Pasto,52,52,2025,Octubre 2025,746,746,0,116414.0,116414.0,0.0,100.0,100.0,VALIDO,
Villavicencio,50,50,2025,Octubre 2025,709,709,0,194035.0,194035.0,0.0,100.0,100.0,VALIDO,
Montería,23,23,2025,Octubre 2025,500,500,0,143110.0,143110.0,0.0,100.0,100.0,VALIDO,
Cartagena,13,13,2025,Octubre 2025,704,704,0,314863.0,314863.0,0.0,100.0,100.0,VALIDO,
Neiva,41,41,2025,Octubre 2025,654,654,0,123329.0,123329.0,0.0,100.0,100.0,VALIDO,
Armenia,63,63,2025,Octubre 2025,770,770,0,118205.0,118205.0,0.0,100.0,100.0,VALIDO,
Santa Marta,47,47,2025,Octubre 2025,662,662,0,158491.0,158491.0,0.0,100.0,100.0,VALIDO,
Sincelejo,70,70,2025,Octubre 2025,591,591,0,83112.0,83112.0,0.0,100.0,100.0,VALIDO,
Valledupar,20,20,2025,Octubre 2025,558,558,0,158375.0,158375.0,0.0,100.0,100.0,VALIDO,
Popayán,19,19,2025,Octubre 2025,657,657,0,111306.0,111306.0,0.0,100.0,100.0,VALIDO,
Tunja,15,15,2025,Octubre 2025,695,695,0,66175.0,66175.0,0.0,100.0,100.0,VALIDO,
Riohacha,44,44,2025,Octubre 2025,576,576,0,53800.0,53800.0,0.0,100.0,100.0,VALIDO,
Florencia,18,18,2025,Octubre 2025,694,694,0,62626.0,62626.0,0.0,100.0,100.0,VALIDO,
Quibdó,27,27,2025,Octubre 2025,731,731,0,39154.0,39154.0,0.0,100.0,100.0,VALIDO,
Bogotá D.C.,11,11,2025,Septiembre 2025,839,839,0,3156890.0,3156890.0,0.0,100.0,100.0,VALIDO,
Medellín A.M.,05,05,2025,Septiembre 2025,993,993,0,1587906.0,1587906.0,0.0,100.0,100.0,VALIDO,
Cali A.M.,76,76,2025,Septiembre 2025,860,860,0,839257.0,839257.0,0.0,100.0,100.0,VALIDO,
Barranquilla A.M.,08,08,2025,Septiembre 2025,686,686,0,601338.0,601338.0,0.0,100.0,100.0,VALIDO,
Bucaramanga A.M.,68,68,2025,Septiembre 2025,748,748,0,442199.0,442199.0,0.0,100.0,100.0,VALIDO,
Manizales A.M.,17,17,2025,Septiembre 2025,955,955,0,189292.0,189292.0,0.0,100.0,100.0,VALIDO,
Pereira A.M.,66,66,2025,Septiembre 2025,941,941,0,250789.0,250789.0,0.0,100.0,100.0,VALIDO,
Cúcuta A.M.,54,54,2025,Septiembre 2025,701,701,0,325130.0,325130.0,0.0,100.0,100.0,VALIDO,
Ibagué,73,73,2025,Septiembre 2025,560,560,0,199050.0,199050.0,0.0,100.0,100.0,VALIDO,
Pasto,52,52,2025,Septiembre 2025,751,751,0,116204.0,116204.0,0.0,100.0,100.0,VALIDO,
Villavicencio,50,50,2025,Septiembre 2025,718,718,0,193695.0,193695.0,0.0,100.0,100.0,VALIDO,
Montería,23,23,2025,Septiembre 2025,513,513,0,142830.0,142830.0,0.0,100.0,100.0,VALIDO,
Cartagena,13,13,2025,Septiembre 2025,735,735,0,314226.0,314226.0,0.0,100.0,100.0,VALIDO,
Neiva,41,41,2025,Septiembre 2025,659,659,0,123111.0,123111.0,0.0,100.0,100.0,VALIDO,
Armenia,63,63,2025,Septiembre 2025,745,745,0,117984.0,117984.0,0.0,100.0,100.0,VALIDO,
Santa Marta,47,47,2025,Septiembre 2025,664,664,0,158165.0,158165.0,0.0,100.0,100.0,VALIDO,
Sincelejo,70,70,2025,Septiembre 2025,577,577,0,82956.0,82956.0,0.0,100.0,100.0,VALIDO,
Valledupar,20,20,2025,Septiembre 2025,577,577,0,157989.0,157989.0,0.0,100.0,100.0,VALIDO,
Popayán,19,19,2025,Septiembre 2025,671,671,0,111121.0,111121.0,0.0,100.0,100.0,VALIDO,
Tunja,15,15,2025,Septiembre 2025,644,644,0,66035.0,66035.0,0.0,100.0,100.0,VALIDO,
Riohacha,44,44,2025,Septiembre 2025,529,529,0,53627.0,53627.0,0.0,100.0,100.0,VALIDO,
Florencia,18,18,2025,Septiembre 2025,673,673,0,62462.0,62462.0,0.0,100.0,100.0,VALIDO,
Quibdó,27,27,2025,Septiembre 2025,693,693,0,39092.0,39092.0,0.0,100.0,100.0,VALIDO,
Bogotá D.C.,11,11,2026,Abril 2026,837,837,0,3203652.0,3203652.0,0.0,100.0,100.0,VALIDO,
Medellín A.M.,05,05,2026,Abril 2026,1002,1002,0,1618798.0,1618798.0,0.0,100.0,100.0,VALIDO,
Cali A.M.,76,76,2026,Abril 2026,849,849,0,850834.0,850834.0,0.0,100.0,100.0,VALIDO,
Barranquilla A.M.,08,08,2026,Abril 2026,639,639,0,610110.0,610110.0,0.0,100.0,100.0,VALIDO,
Bucaramanga A.M.,68,68,2026,Abril 2026,754,754,0,448377.0,448377.0,0.0,100.0,100.0,VALIDO,
Manizales A.M.,17,17,2026,Abril 2026,989,989,0,192005.0,192005.0,0.0,100.0,100.0,VALIDO,
Pereira A.M.,66,66,2026,Abril 2026,954,954,0,254189.0,254189.0,0.0,100.0,100.0,VALIDO,
Cúcuta A.M.,54,54,2026,Abril 2026,701,701,0,328900.0,328900.0,0.0,100.0,100.0,VALIDO,
Ibagué,73,73,2026,Abril 2026,534,534,0,201296.0,201296.0,0.0,100.0,100.0,VALIDO,
Pasto,52,52,2026,Abril 2026,735,735,0,117684.0,117684.0,0.0,100.0,100.0,VALIDO,
Villavicencio,50,50,2026,Abril 2026,695,695,0,196082.0,196082.0,0.0,100.0,100.0,VALIDO,
Montería,23,23,2026,Abril 2026,493,493,0,144809.0,144809.0,0.0,100.0,100.0,VALIDO,
Cartagena,13,13,2026,Abril 2026,733,733,0,318725.0,318725.0,0.0,100.0,100.0,VALIDO,
Neiva,41,41,2026,Abril 2026,651,651,0,124645.0,124645.0,0.0,100.0,100.0,VALIDO,
Armenia,63,63,2026,Abril 2026,737,737,0,119541.0,119541.0,0.0,100.0,100.0,VALIDO,
Santa Marta,47,47,2026,Abril 2026,661,661,0,160472.0,160472.0,0.0,100.0,100.0,VALIDO,
Sincelejo,70,70,2026,Abril 2026,584,584,0,84054.0,84054.0,0.0,100.0,100.0,VALIDO,
Valledupar,20,20,2026,Abril 2026,572,572,0,160720.0,160720.0,0.0,100.0,100.0,VALIDO,
Popayán,19,19,2026,Abril 2026,669,669,0,112424.0,112424.0,0.0,100.0,100.0,VALIDO,
Tunja,15,15,2026,Abril 2026,672,672,0,67026.0,67026.0,0.0,100.0,100.0,VALIDO,
Riohacha,44,44,2026,Abril 2026,547,547,0,54859.0,54859.0,0.0,100.0,100.0,VALIDO,
Florencia,18,18,2026,Abril 2026,678,678,0,63623.0,63623.0,0.0,100.0,100.0,VALIDO,
Quibdó,27,27,2026,Abril 2026,677,677,0,39524.0,39524.0,0.0,100.0,100.0,VALIDO,
Bogotá D.C.,11,11,2026,Enero 2026,820,820,0,3183599.0,3183599.0,0.0,100.0,100.0,VALIDO,
Medellín A.M.,05,05,2026,Enero 2026,978,978,0,1605543.0,1605543.0,0.0,100.0,100.0,VALIDO,
Cali A.M.,76,76,2026,Enero 2026,840,840,0,845871.0,845871.0,0.0,100.0,100.0,VALIDO,
Barranquilla A.M.,08,08,2026,Enero 2026,655,655,0,606348.0,606348.0,0.0,100.0,100.0,VALIDO,
Bucaramanga A.M.,68,68,2026,Enero 2026,730,730,0,445728.0,445728.0,0.0,100.0,100.0,VALIDO,
Manizales A.M.,17,17,2026,Enero 2026,980,980,0,190841.0,190841.0,0.0,100.0,100.0,VALIDO,
Pereira A.M.,66,66,2026,Enero 2026,926,926,0,252731.0,252731.0,0.0,100.0,100.0,VALIDO,
Cúcuta A.M.,54,54,2026,Enero 2026,649,649,0,327285.0,327285.0,0.0,100.0,100.0,VALIDO,
Ibagué,73,73,2026,Enero 2026,534,534,0,200333.0,200333.0,0.0,100.0,100.0,VALIDO,
Pasto,52,52,2026,Enero 2026,712,712,0,117049.0,117049.0,0.0,100.0,100.0,VALIDO,
Villavicencio,50,50,2026,Enero 2026,683,683,0,195059.0,195059.0,0.0,100.0,100.0,VALIDO,
Montería,23,23,2026,Enero 2026,490,490,0,143961.0,143961.0,0.0,100.0,100.0,VALIDO,
Cartagena,13,13,2026,Enero 2026,695,695,0,316795.0,316795.0,0.0,100.0,100.0,VALIDO,
Neiva,41,41,2026,Enero 2026,629,629,0,123987.0,123987.0,0.0,100.0,100.0,VALIDO,
Armenia,63,63,2026,Enero 2026,721,721,0,118873.0,118873.0,0.0,100.0,100.0,VALIDO,
Santa Marta,47,47,2026,Enero 2026,652,652,0,159482.0,159482.0,0.0,100.0,100.0,VALIDO,
Sincelejo,70,70,2026,Enero 2026,591,591,0,83584.0,83584.0,0.0,100.0,100.0,VALIDO,
Valledupar,20,20,2026,Enero 2026,566,566,0,159549.0,159549.0,0.0,100.0,100.0,VALIDO,
Popayán,19,19,2026,Enero 2026,622,622,0,111865.0,111865.0,0.0,100.0,100.0,VALIDO,
Tunja,15,15,2026,Enero 2026,627,627,0,66601.0,66601.0,0.0,100.0,100.0,VALIDO,
Riohacha,44,44,2026,Enero 2026,539,539,0,54330.0,54330.0,0.0,100.0,100.0,VALIDO,
Florencia,18,18,2026,Enero 2026,681,681,0,63125.0,63125.0,0.0,100.0,100.0,VALIDO,
Quibdó,27,27,2026,Enero 2026,669,669,0,39339.0,39339.0,0.0,100.0,100.0,VALIDO,
Bogotá D.C.,11,11,2026,Febrero 2026,799,799,0,3190306.0,3190306.0,0.0,100.0,100.0,VALIDO,
Medellín A.M.,05,05,2026,Febrero 2026,1013,1013,0,1609985.0,1609985.0,0.0,100.0,100.0,VALIDO,
Cali A.M.,76,76,2026,Febrero 2026,829,829,0,847528.0,847528.0,0.0,100.0,100.0,VALIDO,
Barranquilla A.M.,08,08,2026,Febrero 2026,662,662,0,607607.0,607607.0,0.0,100.0,100.0,VALIDO,
Bucaramanga A.M.,68,68,2026,Febrero 2026,747,747,0,446614.0,446614.0,0.0,100.0,100.0,VALIDO,
Manizales A.M.,17,17,2026,Febrero 2026,993,993,0,191231.0,191231.0,0.0,100.0,100.0,VALIDO,
Pereira A.M.,66,66,2026,Febrero 2026,930,930,0,253218.0,253218.0,0.0,100.0,100.0,VALIDO,
Cúcuta A.M.,54,54,2026,Febrero 2026,697,697,0,327825.0,327825.0,0.0,100.0,100.0,VALIDO,
Ibagué,73,73,2026,Febrero 2026,529,529,0,200655.0,200655.0,0.0,100.0,100.0,VALIDO,
Pasto,52,52,2026,Febrero 2026,711,711,0,117261.0,117261.0,0.0,100.0,100.0,VALIDO,
Villavicencio,50,50,2026,Febrero 2026,689,689,0,195401.0,195401.0,0.0,100.0,100.0,VALIDO,
Montería,23,23,2026,Febrero 2026,492,492,0,144244.0,144244.0,0.0,100.0,100.0,VALIDO,
Cartagena,13,13,2026,Febrero 2026,743,743,0,317441.0,317441.0,0.0,100.0,100.0,VALIDO,
Neiva,41,41,2026,Febrero 2026,662,662,0,124206.0,124206.0,0.0,100.0,100.0,VALIDO,
Armenia,63,63,2026,Febrero 2026,773,773,0,119096.0,119096.0,0.0,100.0,100.0,VALIDO,
Santa Marta,47,47,2026,Febrero 2026,657,657,0,159813.0,159813.0,0.0,100.0,100.0,VALIDO,
Sincelejo,70,70,2026,Febrero 2026,604,604,0,83740.0,83740.0,0.0,100.0,100.0,VALIDO,
Valledupar,20,20,2026,Febrero 2026,622,622,0,159941.0,159941.0,0.0,100.0,100.0,VALIDO,
Popayán,19,19,2026,Febrero 2026,647,647,0,112051.0,112051.0,0.0,100.0,100.0,VALIDO,
Tunja,15,15,2026,Febrero 2026,664,664,0,66743.0,66743.0,0.0,100.0,100.0,VALIDO,
Riohacha,44,44,2026,Febrero 2026,559,559,0,54508.0,54508.0,0.0,100.0,100.0,VALIDO,
Florencia,18,18,2026,Febrero 2026,693,693,0,63292.0,63292.0,0.0,100.0,100.0,VALIDO,
Quibdó,27,27,2026,Febrero 2026,671,671,0,39401.0,39401.0,0.0,100.0,100.0,VALIDO,
Bogotá D.C.,11,11,2026,Junio 2026,794,794,0,3216805.0,3216805.0,0.0,100.0,100.0,VALIDO,
Medellín A.M.,05,05,2026,Junio 2026,984,984,0,1627422.0,1627422.0,0.0,100.0,100.0,VALIDO,
Cali A.M.,76,76,2026,Junio 2026,827,827,0,854096.0,854096.0,0.0,100.0,100.0,VALIDO,
Barranquilla A.M.,08,08,2026,Junio 2026,646,646,0,612578.0,612578.0,0.0,100.0,100.0,VALIDO,
Bucaramanga A.M.,68,68,2026,Junio 2026,733,733,0,450118.0,450118.0,0.0,100.0,100.0,VALIDO,
Manizales A.M.,17,17,2026,Junio 2026,986,986,0,192771.0,192771.0,0.0,100.0,100.0,VALIDO,
Pereira A.M.,66,66,2026,Junio 2026,926,926,0,255148.0,255148.0,0.0,100.0,100.0,VALIDO,
Cúcuta A.M.,54,54,2026,Junio 2026,665,665,0,329967.0,329967.0,0.0,100.0,100.0,VALIDO,
Ibagué,73,73,2026,Junio 2026,516,516,0,201932.0,201932.0,0.0,100.0,100.0,VALIDO,
Pasto,52,52,2026,Junio 2026,715,715,0,118102.0,118102.0,0.0,100.0,100.0,VALIDO,
Villavicencio,50,50,2026,Junio 2026,679,679,0,196757.0,196757.0,0.0,100.0,100.0,VALIDO,
Montería,23,23,2026,Junio 2026,493,493,0,145366.0,145366.0,0.0,100.0,100.0,VALIDO,
Cartagena,13,13,2026,Junio 2026,720,720,0,319992.0,319992.0,0.0,100.0,100.0,VALIDO,
Neiva,41,41,2026,Junio 2026,640,640,0,125078.0,125078.0,0.0,100.0,100.0,VALIDO,
Armenia,63,63,2026,Junio 2026,730,730,0,119980.0,119980.0,0.0,100.0,100.0,VALIDO,
Santa Marta,47,47,2026,Junio 2026,651,651,0,161122.0,161122.0,0.0,100.0,100.0,VALIDO,
Sincelejo,70,70,2026,Junio 2026,609,609,0,84364.0,84364.0,0.0,100.0,100.0,VALIDO,
Valledupar,20,20,2026,Junio 2026,583,583,0,161485.0,161485.0,0.0,100.0,100.0,VALIDO,
Popayán,19,19,2026,Junio 2026,660,660,0,112792.0,112792.0,0.0,100.0,100.0,VALIDO,
Tunja,15,15,2026,Junio 2026,633,633,0,67305.0,67305.0,0.0,100.0,100.0,VALIDO,
Riohacha,44,44,2026,Junio 2026,532,532,0,55201.0,55201.0,0.0,100.0,100.0,VALIDO,
Florencia,18,18,2026,Junio 2026,673,673,0,63948.0,63948.0,0.0,100.0,100.0,VALIDO,
Quibdó,27,27,2026,Junio 2026,668,668,0,39646.0,39646.0,0.0,100.0,100.0,VALIDO,
Bogotá D.C.,11,11,2026,Marzo 2026,795,795,0,3196995.0,3196995.0,0.0,100.0,100.0,VALIDO,
Medellín A.M.,05,05,2026,Marzo 2026,981,981,0,1614408.0,1614408.0,0.0,100.0,100.0,VALIDO,
Cali A.M.,76,76,2026,Marzo 2026,847,847,0,849185.0,849185.0,0.0,100.0,100.0,VALIDO,
Barranquilla A.M.,08,08,2026,Marzo 2026,670,670,0,608861.0,608861.0,0.0,100.0,100.0,VALIDO,
Bucaramanga A.M.,68,68,2026,Marzo 2026,734,734,0,447498.0,447498.0,0.0,100.0,100.0,VALIDO,
Manizales A.M.,17,17,2026,Marzo 2026,1006,1006,0,191619.0,191619.0,0.0,100.0,100.0,VALIDO,
Pereira A.M.,66,66,2026,Marzo 2026,896,896,0,253704.0,253704.0,0.0,100.0,100.0,VALIDO,
Cúcuta A.M.,54,54,2026,Marzo 2026,683,683,0,328363.0,328363.0,0.0,100.0,100.0,VALIDO,
Ibagué,73,73,2026,Marzo 2026,536,536,0,200976.0,200976.0,0.0,100.0,100.0,VALIDO,
Pasto,52,52,2026,Marzo 2026,718,718,0,117473.0,117473.0,0.0,100.0,100.0,VALIDO,
Villavicencio,50,50,2026,Marzo 2026,673,673,0,195743.0,195743.0,0.0,100.0,100.0,VALIDO,
Montería,23,23,2026,Marzo 2026,499,499,0,144527.0,144527.0,0.0,100.0,100.0,VALIDO,
Cartagena,13,13,2026,Marzo 2026,721,721,0,318085.0,318085.0,0.0,100.0,100.0,VALIDO,
Neiva,41,41,2026,Marzo 2026,616,616,0,124426.0,124426.0,0.0,100.0,100.0,VALIDO,
Armenia,63,63,2026,Marzo 2026,718,718,0,119319.0,119319.0,0.0,100.0,100.0,VALIDO,
Santa Marta,47,47,2026,Marzo 2026,670,670,0,160144.0,160144.0,0.0,100.0,100.0,VALIDO,
Sincelejo,70,70,2026,Marzo 2026,568,568,0,83898.0,83898.0,0.0,100.0,100.0,VALIDO,
Valledupar,20,20,2026,Marzo 2026,591,591,0,160331.0,160331.0,0.0,100.0,100.0,VALIDO,
Popayán,19,19,2026,Marzo 2026,658,658,0,112238.0,112238.0,0.0,100.0,100.0,VALIDO,
Tunja,15,15,2026,Marzo 2026,628,628,0,66885.0,66885.0,0.0,100.0,100.0,VALIDO,
Riohacha,44,44,2026,Marzo 2026,565,565,0,54685.0,54685.0,0.0,100.0,100.0,VALIDO,
Florencia,18,18,2026,Marzo 2026,698,698,0,63458.0,63458.0,0.0,100.0,100.0,VALIDO,
Quibdó,27,27,2026,Marzo 2026,685,685,0,39462.0,39462.0,0.0,100.0,100.0,VALIDO,
Bogotá D.C.,11,11,2026,Mayo 2026,819,819,0,3210260.0,3210260.0,0.0,100.0,100.0,VALIDO,
Medellín A.M.,05,05,2026,Mayo 2026,969,969,0,1623143.0,1623143.0,0.0,100.0,100.0,VALIDO,
Cali A.M.,76,76,2026,Mayo 2026,819,819,0,852472.0,852472.0,0.0,100.0,100.0,VALIDO,
Barranquilla A.M.,08,08,2026,Mayo 2026,646,646,0,611351.0,611351.0,0.0,100.0,100.0,VALIDO,
Bucaramanga A.M.,68,68,2026,Mayo 2026,751,751,0,449252.0,449252.0,0.0,100.0,100.0,VALIDO,
Manizales A.M.,17,17,2026,Mayo 2026,1010,1010,0,192389.0,192389.0,0.0,100.0,100.0,VALIDO,
Pereira A.M.,66,66,2026,Mayo 2026,949,949,0,254670.0,254670.0,0.0,100.0,100.0,VALIDO,
Cúcuta A.M.,54,54,2026,Mayo 2026,682,682,0,329433.0,329433.0,0.0,100.0,100.0,VALIDO,
Ibagué,73,73,2026,Mayo 2026,559,559,0,201615.0,201615.0,0.0,100.0,100.0,VALIDO,
Pasto,52,52,2026,Mayo 2026,726,726,0,117893.0,117893.0,0.0,100.0,100.0,VALIDO,
Villavicencio,50,50,2026,Mayo 2026,685,685,0,196421.0,196421.0,0.0,100.0,100.0,VALIDO,
Montería,23,23,2026,Mayo 2026,493,493,0,145089.0,145089.0,0.0,100.0,100.0,VALIDO,
Cartagena,13,13,2026,Mayo 2026,741,741,0,319362.0,319362.0,0.0,100.0,100.0,VALIDO,
Neiva,41,41,2026,Mayo 2026,654,654,0,124862.0,124862.0,0.0,100.0,100.0,VALIDO,
Armenia,63,63,2026,Mayo 2026,759,759,0,119762.0,119762.0,0.0,100.0,100.0,VALIDO,
Santa Marta,47,47,2026,Mayo 2026,675,675,0,160798.0,160798.0,0.0,100.0,100.0,VALIDO,
Sincelejo,70,70,2026,Mayo 2026,603,603,0,84210.0,84210.0,0.0,100.0,100.0,VALIDO,
Valledupar,20,20,2026,Mayo 2026,578,578,0,161105.0,161105.0,0.0,100.0,100.0,VALIDO,
Popayán,19,19,2026,Mayo 2026,661,661,0,112609.0,112609.0,0.0,100.0,100.0,VALIDO,
Tunja,15,15,2026,Mayo 2026,659,659,0,67166.0,67166.0,0.0,100.0,100.0,VALIDO,
Riohacha,44,44,2026,Mayo 2026,537,537,0,55032.0,55032.0,0.0,100.0,100.0,VALIDO,
Florencia,18,18,2026,Mayo 2026,666,666,0,63787.0,63787.0,0.0,100.0,100.0,VALIDO,
Quibdó,27,27,2026,Mayo 2026,689,689,0,39585.0,39585.0,0.0,100.0,100.0,VALIDO,
